<?xml version="1.0" encoding="UTF-8"?>
<metadata xml:lang="es"><Esri><CreaDate>20130919</CreaDate><CreaTime>10501100</CreaTime><SyncOnce>FALSE</SyncOnce><SyncDate>20111130</SyncDate><SyncTime>12004000</SyncTime><ModDate>20111130</ModDate><ModTime>12004000</ModTime><DataProperties><lineage><Process ToolSource="C:\Archivos de programa\ArcGIS\ArcToolbox\Toolboxes\Conversion Tools.tbx\FeatureClassToFeatureClass" Date="20100521" Time="143558">FeatureClassToFeatureClass F:\Cartas-Validadas-690\VERSION_3\E14A13d\E14A13d-SHP\E14A13d_AREA_CULTIVO20_A.shp F:\20100521_EST_GEODATABASE_TOPO20\ZONA_11.gdb AREA_CULTIVO20_A ""FID" = 1" "ENTIDAD 'ENTIDAD' true true false 254 Text 0 0 ,First,#,F:\Cartas-Validadas-690\VERSION_3\E14A13d\E14A13d-SHP\E14A13d_AREA_CULTIVO20_A.shp,ENTIDAD,-1,-1;CODIGO 'CODIGO' true true false 254 Text 0 0 ,First,#,F:\Cartas-Validadas-690\VERSION_3\E14A13d\E14A13d-SHP\E14A13d_AREA_CULTIVO20_A.shp,CODIGO,-1,-1;CALI_REPR 'CALI_REPR' true true false 254 Text 0 0 ,First,#,F:\Cartas-Validadas-690\VERSION_3\E14A13d\E14A13d-SHP\E14A13d_AREA_CULTIVO20_A.shp,CALI_REPR,-1,-1;GEOMETRIA 'GEOMETRIA' true true false 254 Text 0 0 ,First,#,F:\Cartas-Validadas-690\VERSION_3\E14A13d\E14A13d-SHP\E14A13d_AREA_CULTIVO20_A.shp,GEOMETRIA,-1,-1" # F:\20100521_EST_GEODATABASE_TOPO20\ZONA_11.gdb\AREA_CULTIVO20_A</Process><Process ToolSource="C:\Archivos de programa\ArcGIS\ArcToolbox\Toolboxes\Data Management Tools.tbx\DefineProjection" Date="20100525" Time="105006">DefineProjection F:\20100521_EST_GEODATABASE_TOPO20\ZONA_11.gdb\AREA_CULTIVO20_A PROJCS['ITRF_1992_UTM_Zone_11N',GEOGCS['ITRF_1992',DATUM['D_ITRF_1992',SPHEROID['GRS_1980',6378137.0,298.257222101]],PRIMEM['Greenwich',0.0],UNIT['Degree',0.0174532925199433]],PROJECTION['Transverse_Mercator'],PARAMETER['False_Easting',500000.0],PARAMETER['False_Northing',0.0],PARAMETER['Central_Meridian',-117.0],PARAMETER['Scale_Factor',0.9996],PARAMETER['Latitude_Of_Origin',0.0],UNIT['Meter',1.0]] F:\20100521_EST_GEODATABASE_TOPO20\ZONA_11.gdb\AREA_CULTIVO20_A</Process><Process ToolSource="C:\Archivos de programa\ArcGIS\ArcToolbox\Toolboxes\Data Management Tools.tbx\CopyFeatures" Date="20100525" Time="131058">CopyFeatures F:\20100521_EST_GEODATABASE_TOPO20\ZONA_11.gdb\AREA_CULTIVO20_A F:\20100521_EST_GEODATABASE_TOPO20\Prof.gdb\dataset\AREA_CULTIVO20_A # 0 0 0</Process><Process ToolSource="C:\Archivos de programa\ArcGIS\ArcToolbox\Toolboxes\Data Management Tools.tbx\CopyFeatures" Date="20110210" Time="160901">CopyFeatures D:\TOPO20K\E15A72C\E15A72C.gdb\dataset\AREA_CULTIVO20_A D:\TOPO20K\nuevo\E15A72C.gdb\dataset\AREA_CULTIVO20_A # 0 0 0</Process><Process ToolSource="C:\Archivos de programa\ArcGIS\ArcToolbox\Toolboxes\Data Management Tools.tbx\CopyFeatures" Date="20110214" Time="130922">CopyFeatures D:\TOPO20K\E15A72C\E15A72C.gdb\dataset\AREA_CULTIVO20_A D:\TOPO20K\G14C86F\G14C86F.gdb\dataset\AREA_CULTIVO20_A # 0 0 0</Process><Process ToolSource="C:\Archivos de programa\ArcGIS\ArcToolbox\Toolboxes\Data Management Tools.tbx\CopyFeatures" Date="20110322" Time="162145">CopyFeatures D:\TOPO20K\G14C86F\G14C86F.gdb\dataset\AREA_CULTIVO20_A D:\TOPO20K\G14B84D\G14B84D.gdb\dataset\AREA_CULTIVO20_A # 0 0 0</Process><Process ToolSource="C:\Program Files (x86)\ArcGIS\Desktop10.0\ArcToolbox\Toolboxes\Data Management Tools.tbx\CopyFeatures" Date="20110629" Time="084033">CopyFeatures D:\GDB_Topo20k\Capas\G14B84D.gdb\dataset\AREA_CULTIVO20_A D:\GDB_Topo20k\F14C52f.gdb\dataset\AREA_CULTIVO20_A # 0 0 0</Process><Process ToolSource="C:\Program Files (x86)\ArcGIS\Desktop10.0\ArcToolbox\Toolboxes\Data Management Tools.tbx\CopyFeatures" Date="20110711" Time="095824">CopyFeatures D:\GDB_Topo20k\F14C52f\F14C52f.gdb\dataset\AREA_CULTIVO20_A D:\GDB_Topo20k\Capas\G14B84D.gdb\dataset\AREA_CULTIVO20_A # 0 0 0</Process><Process ToolSource="C:\Program Files (x86)\ArcGIS\Desktop10.0\ArcToolbox\Toolboxes\Data Management Tools.tbx\CopyFeatures" Date="20111130" Time="120041">CopyFeatures D:\GDB_Topo20k\Capas\G14B84D.gdb\AREA_CULTIVO20_A D:\GDB_Topo20k\I11D87f\I11D87f.gdb\dataset\AREA_CULTIVO20_A # 0 0 0</Process><Process ToolSource="C:\Program Files (x86)\ArcGIS\Desktop10.0\ArcToolbox\Toolboxes\Data Management Tools.tbx\AddSubtype" Date="20130131" Time="093408">AddSubtype D:\Topo50\Z11.gdb\dataset\AREA_CULTIVO50_A 6120 "ÁREA DE CULTIVO"</Process><Process ToolSource="C:\Program Files (x86)\ArcGIS\Desktop10.0\ArcToolbox\Toolboxes\Data Management Tools.tbx\AddSubtype" Date="20130212" Time="085715">AddSubtype D:\Topo50\Z11.gdb\dataset\AREA_CULTIVO50_A 6120 "Área de cultivo"</Process><Process ToolSource="C:\Program Files (x86)\ArcGIS\Desktop10.0\ArcToolbox\Toolboxes\Data Management Tools.tbx\Append" Date="20130412" Time="105821">Append AREA_CULTIVO50_A.shp D:\Compartir\E13B43\E13B43.gdb\dataset\AREA_CULTIVO50_A NO_TEST "ENTIDAD "ENTIDAD" true true false 254 Text 0 0 ,First,#,AREA_CULTIVO50_A.shp,ENTIDAD,-1,-1;CODIGO "CODIGO" true true false 254 Text 0 0 ,First,#,AREA_CULTIVO50_A.shp,CODIGO,-1,-1;CALI_REPR "CALI_REPR" true true false 254 Text 0 0 ,First,#,AREA_CULTIVO50_A.shp,CALI_REPR,-1,-1;GEOMETRIA "GEOMETRIA" true true false 254 Text 0 0 ,First,#,AREA_CULTIVO50_A.shp,GEOMETRIA,-1,-1;DESCRIPCION "DESCRIPCION" true true false 2 Short 0 0 ,First,#;NO_CONSEC "NO_CONSEC" true true false 11 Text 0 0 ,First,#;Shape_Length "Shape_Length" false true true 8 Double 0 0 ,First,#;Shape_Area "Shape_Area" false true true 8 Double 0 0 ,First,#" #</Process></lineage><itemProps><itemName Sync="TRUE">AREA_CULTIVO20_A</itemName><imsContentType Sync="TRUE">002</imsContentType><itemLocation><linkage Sync="TRUE">file://\\GEOIGB036720D\D$\GDB_Topo20k\I11D87f\I11D87f.gdb</linkage><protocol Sync="TRUE">Local Area Network</protocol></itemLocation></itemProps><coordRef><type Sync="TRUE">Projected</type><geogcsn Sync="TRUE">D_ITRF_1992</geogcsn><projcsn Sync="TRUE">UTM_Zone_11N_ITRF92</projcsn><peXml Sync="TRUE">&lt;ProjectedCoordinateSystem xsi:type='typens:ProjectedCoordinateSystem' xmlns:xsi='http://www.w3.org/2001/XMLSchema-instance' xmlns:xs='http://www.w3.org/2001/XMLSchema' xmlns:typens='http://www.esri.com/schemas/ArcGIS/10.0'&gt;&lt;WKT&gt;PROJCS[&amp;quot;UTM_Zone_11N_ITRF92&amp;quot;,GEOGCS[&amp;quot;D_ITRF_1992&amp;quot;,DATUM[&amp;quot;D_ITRF_1992&amp;quot;,SPHEROID[&amp;quot;GRS_1980&amp;quot;,6378137.0,298.257222101]],PRIMEM[&amp;quot;Greenwich&amp;quot;,0.0],UNIT[&amp;quot;Degree&amp;quot;,0.0174532925199433]],PROJECTION[&amp;quot;Transverse_Mercator&amp;quot;],PARAMETER[&amp;quot;False_Easting&amp;quot;,500000.0],PARAMETER[&amp;quot;False_Northing&amp;quot;,0.0],PARAMETER[&amp;quot;Central_Meridian&amp;quot;,-117.0],PARAMETER[&amp;quot;Scale_Factor&amp;quot;,0.9996],PARAMETER[&amp;quot;Latitude_Of_Origin&amp;quot;,0.0],UNIT[&amp;quot;Meter&amp;quot;,1.0]]&lt;/WKT&gt;&lt;XOrigin&gt;-5120900&lt;/XOrigin&gt;&lt;YOrigin&gt;-9998100&lt;/YOrigin&gt;&lt;XYScale&gt;199999999.99999997&lt;/XYScale&gt;&lt;ZOrigin&gt;-100000&lt;/ZOrigin&gt;&lt;ZScale&gt;10000&lt;/ZScale&gt;&lt;MOrigin&gt;-100000&lt;/MOrigin&gt;&lt;MScale&gt;10000&lt;/MScale&gt;&lt;XYTolerance&gt;1.0000000000000002e-008&lt;/XYTolerance&gt;&lt;ZTolerance&gt;0.001&lt;/ZTolerance&gt;&lt;MTolerance&gt;0.001&lt;/MTolerance&gt;&lt;HighPrecision&gt;true&lt;/HighPrecision&gt;&lt;/ProjectedCoordinateSystem&gt;</peXml></coordRef></DataProperties><ArcGISFormat>1.0</ArcGISFormat></Esri><idinfo><native Sync="TRUE">Microsoft Windows XP Version 5.1 (Build 2600) Service Pack 3; ESRI ArcCatalog 9.3.1.1850</native><descript><langdata Sync="TRUE">es</langdata><abstract>REQUIRED: A brief narrative summary of the data set.</abstract><purpose>REQUIRED: A summary of the intentions with which the data set was developed.</purpose></descript><citation><citeinfo><origin>REQUIRED: The name of an organization or individual that developed the data set.</origin><pubdate>REQUIRED: The date when the data set is published or otherwise made available for release.</pubdate><title Sync="TRUE">AREA_CULTIVO20_A</title><ftname Sync="TRUE">AREA_CULTIVO20_A</ftname><geoform Sync="TRUE">vector digital data</geoform><onlink Sync="TRUE">\\GEOIIG034534D\D$\TOPO20K\G14B84D\G14B84D.gdb</onlink></citeinfo></citation><timeperd><current>REQUIRED: The basis on which the time period of content information is determined.</current><timeinfo><sngdate><caldate>REQUIRED: The year (and optionally month, or month and day) for which the data set corresponds to the ground.</caldate></sngdate></timeinfo></timeperd><status><progress>REQUIRED: The state of the data set.</progress><update>REQUIRED: The frequency with which changes and additions are made to the data set after the initial data set is completed.</update></status><spdom><bounding><westbc Sync="TRUE">-119.271880</westbc><eastbc Sync="TRUE">-119.262833</eastbc><northbc Sync="TRUE">19.810278</northbc><southbc Sync="TRUE">19.799890</southbc></bounding><lboundng><leftbc Sync="TRUE">262017.510560</leftbc><rightbc Sync="TRUE">262950.495000</rightbc><bottombc Sync="TRUE">2190936.098613</bottombc><topbc Sync="TRUE">2192073.971049</topbc></lboundng></spdom><keywords><theme><themekt>REQUIRED: Reference to a formally registered thesaurus or a similar authoritative source of theme keywords.</themekt><themekey>REQUIRED: Common-use word or phrase used to describe the subject of the data set.</themekey></theme></keywords><accconst>REQUIRED: Restrictions and legal prerequisites for accessing the data set.</accconst><useconst>REQUIRED: Restrictions and legal prerequisites for using the data set after access is granted.</useconst><natvform Sync="TRUE">File Geodatabase Feature Class</natvform></idinfo><dataIdInfo><envirDesc Sync="TRUE">Microsoft Windows Server 2008 R2 Version 6.1 (Build 7601) Service Pack 1; ESRI ArcGIS 10.0.2.3200</envirDesc><dataLang><languageCode Sync="TRUE" value="spa" country="MEX"></languageCode></dataLang><idCitation><resTitle Sync="TRUE">AREA_CULTIVO20_A</resTitle><presForm><PresFormCd value="005"></PresFormCd></presForm></idCitation><dataExt><geoEle><GeoBndBox esriExtentType="native"><westBL Sync="TRUE">262017.51056</westBL><eastBL Sync="TRUE">262950.495</eastBL><northBL Sync="TRUE">2192073.971049</northBL><southBL Sync="TRUE">2190936.098613</southBL><exTypeCode Sync="TRUE">1</exTypeCode></GeoBndBox></geoEle></dataExt><geoBox esriExtentType="decdegrees"><westBL Sync="TRUE">-119.27188</westBL><eastBL Sync="TRUE">-119.262833</eastBL><northBL Sync="TRUE">19.810278</northBL><southBL Sync="TRUE">19.79989</southBL><exTypeCode Sync="TRUE">1</exTypeCode></geoBox><descKeys><thesaName uuidref="723f6998-058e-11dc-8314-0800200c9a66"></thesaName><keyword Sync="TRUE">002</keyword></descKeys><spatRpType><SpatRepTypCd value="001"></SpatRepTypCd></spatRpType></dataIdInfo><metainfo><langmeta Sync="TRUE">es</langmeta><metstdn Sync="TRUE">FGDC Content Standards for Digital Geospatial Metadata</metstdn><metstdv Sync="TRUE">FGDC-STD-001-1998</metstdv><mettc Sync="TRUE">local time</mettc><metc><cntinfo><cntorgp><cntper>REQUIRED: The person responsible for the metadata information.</cntper><cntorg>REQUIRED: The organization responsible for the metadata information.</cntorg></cntorgp><cntaddr><addrtype>REQUIRED: The mailing and/or physical address for the organization or individual.</addrtype><city>REQUIRED: The city of the address.</city><state>REQUIRED: The state or province of the address.</state><postal>REQUIRED: The ZIP or other postal code of the address.</postal></cntaddr><cntvoice>REQUIRED: The telephone number by which individuals can speak to the organization or individual.</cntvoice></cntinfo></metc><metd Sync="TRUE">20110322</metd></metainfo><mdLang><languageCode Sync="TRUE" value="spa"></languageCode></mdLang><mdStanName Sync="TRUE">ISO 19115 Geographic Information - Metadata</mdStanName><mdStanVer Sync="TRUE">DIS_ESRI1.0</mdStanVer><mdChar><CharSetCd Sync="TRUE" value="004"></CharSetCd></mdChar><mdHrLv><ScopeCd Sync="TRUE" value="005"></ScopeCd></mdHrLv><mdHrLvName Sync="TRUE">dataset</mdHrLvName><distinfo><resdesc Sync="TRUE">Downloadable Data</resdesc></distinfo><distInfo><distributor><distorTran><onLineSrc><orDesc Sync="TRUE">002</orDesc><linkage Sync="TRUE">file://\\GEOIIG034534D\D$\TOPO20K\G14B84D\G14B84D.gdb</linkage><protocol Sync="TRUE">Local Area Network</protocol></onLineSrc></distorTran><distorFormat><formatName Sync="TRUE">File Geodatabase Feature Class</formatName></distorFormat></distributor><distFormat><formatName Sync="TRUE">File Geodatabase Feature Class</formatName></distFormat></distInfo><spdoinfo><direct Sync="TRUE">Vector</direct><ptvctinf><esriterm Name="AREA_CULTIVO20_A"><efeatyp Sync="TRUE">Simple</efeatyp><efeageom Sync="TRUE">4</efeageom><esritopo Sync="TRUE">FALSE</esritopo><efeacnt Sync="TRUE">0</efeacnt><spindex Sync="TRUE">TRUE</spindex><linrefer Sync="TRUE">FALSE</linrefer></esriterm></ptvctinf></spdoinfo><spatRepInfo><VectSpatRep><topLvl><TopoLevCd Sync="TRUE" value="001"></TopoLevCd></topLvl><geometObjs Name="AREA_CULTIVO20_A"><geoObjTyp><GeoObjTypCd Sync="TRUE" value="002"></GeoObjTypCd><geoObjCnt Sync="TRUE">0</geoObjCnt></geoObjTyp><geoObjCnt Sync="TRUE">0</geoObjCnt></geometObjs></VectSpatRep></spatRepInfo><eainfo><detailed Name="AREA_CULTIVO20_A"><enttyp><enttypl Sync="TRUE">AREA_CULTIVO20_A</enttypl><enttypt Sync="TRUE">Feature Class</enttypt><enttypc Sync="TRUE">0</enttypc></enttyp><attr><attrlabl Sync="TRUE">OBJECTID</attrlabl><attalias Sync="TRUE">OBJECTID</attalias><attrtype Sync="TRUE">OID</attrtype><attwidth Sync="TRUE">4</attwidth><atprecis Sync="TRUE">0</atprecis><attscale Sync="TRUE">0</attscale><attrdef Sync="TRUE">Internal feature number.</attrdef><attrdefs Sync="TRUE">ESRI</attrdefs><attrdomv><udom Sync="TRUE">Sequential unique whole numbers that are automatically generated.</udom></attrdomv></attr><attr><attrlabl Sync="TRUE">Shape</attrlabl><attalias Sync="TRUE">Shape</attalias><attrtype Sync="TRUE">Geometry</attrtype><attwidth Sync="TRUE">0</attwidth><atprecis Sync="TRUE">0</atprecis><attscale Sync="TRUE">0</attscale><attrdef Sync="TRUE">Feature geometry.</attrdef><attrdefs Sync="TRUE">ESRI</attrdefs><attrdomv><udom Sync="TRUE">Coordinates defining the features.</udom></attrdomv></attr><attr><attrlabl Sync="TRUE">ENTIDAD</attrlabl><attalias Sync="TRUE">ENTIDAD</attalias><attrtype Sync="TRUE">String</attrtype><attwidth Sync="TRUE">254</attwidth><atprecis Sync="TRUE">0</atprecis><attscale Sync="TRUE">0</attscale></attr><attr><attrlabl Sync="TRUE">CODIGO</attrlabl><attalias Sync="TRUE">CODIGO</attalias><attrtype Sync="TRUE">String</attrtype><attwidth Sync="TRUE">254</attwidth><atprecis Sync="TRUE">0</atprecis><attscale Sync="TRUE">0</attscale></attr><attr><attrlabl Sync="TRUE">CALI_REPR</attrlabl><attalias Sync="TRUE">CALI_REPR</attalias><attrtype Sync="TRUE">String</attrtype><attwidth Sync="TRUE">254</attwidth><atprecis Sync="TRUE">0</atprecis><attscale Sync="TRUE">0</attscale></attr><attr><attrlabl Sync="TRUE">GEOMETRIA</attrlabl><attalias Sync="TRUE">GEOMETRIA</attalias><attrtype Sync="TRUE">String</attrtype><attwidth Sync="TRUE">254</attwidth><atprecis Sync="TRUE">0</atprecis><attscale Sync="TRUE">0</attscale></attr><attr><attrlabl Sync="TRUE">DESCRIPCION</attrlabl><attalias Sync="TRUE">DESCRIPCION</attalias><attrtype Sync="TRUE">SmallInteger</attrtype><attwidth Sync="TRUE">2</attwidth><atprecis Sync="TRUE">0</atprecis><attscale Sync="TRUE">0</attscale></attr><attr><attrlabl Sync="TRUE">NO_CONSEC</attrlabl><attalias Sync="TRUE">NO_CONSEC</attalias><attrtype Sync="TRUE">String</attrtype><attwidth Sync="TRUE">11</attwidth><atprecis Sync="TRUE">0</atprecis><attscale Sync="TRUE">0</attscale></attr><attr><attrlabl Sync="TRUE">Shape_Length</attrlabl><attalias Sync="TRUE">Shape_Length</attalias><attrtype Sync="TRUE">Double</attrtype><attwidth Sync="TRUE">8</attwidth><atprecis Sync="TRUE">0</atprecis><attscale Sync="TRUE">0</attscale><attrdef Sync="TRUE">Length of feature in internal units.</attrdef><attrdefs Sync="TRUE">ESRI</attrdefs><attrdomv><udom Sync="TRUE">Positive real numbers that are automatically generated.</udom></attrdomv></attr><attr><attrlabl Sync="TRUE">Shape_Area</attrlabl><attalias Sync="TRUE">Shape_Area</attalias><attrtype Sync="TRUE">Double</attrtype><attwidth Sync="TRUE">8</attwidth><atprecis Sync="TRUE">0</atprecis><attscale Sync="TRUE">0</attscale><attrdef Sync="TRUE">Area of feature in internal units squared.</attrdef><attrdefs Sync="TRUE">ESRI</attrdefs><attrdomv><udom Sync="TRUE">Positive real numbers that are automatically generated.</udom></attrdomv></attr><subtype><stname Sync="TRUE">Área de cultivo</stname><stcode Sync="TRUE">6120</stcode><stfield><stfldnm Sync="TRUE">ENTIDAD</stfldnm><stflddv Sync="TRUE">Área de Cultivo</stflddv></stfield><stfield><stfldnm Sync="TRUE">CODIGO</stfldnm><stflddv Sync="TRUE">6120</stflddv></stfield><stfield><stfldnm Sync="TRUE">CALI_REPR</stfldnm><stflddv Sync="TRUE">Definida</stflddv></stfield><stfield><stfldnm Sync="TRUE">GEOMETRIA</stfldnm><stflddv Sync="TRUE">Área</stflddv></stfield><stfield><stfldnm Sync="TRUE">DESCRIPCION</stfldnm><stflddv Sync="TRUE">6120</stflddv></stfield></subtype></detailed></eainfo><mdDateSt Sync="TRUE">20111130</mdDateSt><spref><horizsys><cordsysn><geogcsn Sync="TRUE">ITRF_1992</geogcsn><projcsn Sync="TRUE">ITRF_1992_UTM_Zone_14N</projcsn></cordsysn><planar><planci><plance Sync="TRUE">coordinate pair</plance><plandu Sync="TRUE">meters</plandu><coordrep><absres Sync="TRUE">0.000000</absres><ordres Sync="TRUE">0.000000</ordres></coordrep></planci></planar><geodetic><horizdn Sync="TRUE">D_ITRF_1992</horizdn><ellips Sync="TRUE">Geodetic Reference System 80</ellips><semiaxis Sync="TRUE">6378137.000000</semiaxis><denflat Sync="TRUE">298.257222</denflat></geodetic></horizsys><vertdef><altsys><altenc Sync="TRUE">Explicit elevation coordinate included with horizontal coordinates</altenc><altres Sync="TRUE">1.000000</altres></altsys></vertdef></spref><refSysInfo><RefSystem><refSysID><identCode Sync="TRUE" code="0">ITRF_1992_UTM_Zone_14N</identCode></refSysID></RefSystem></refSysInfo></metadata>
