<?xml version="1.0" encoding="UTF-8"?>
<metadata xml:lang="es"><Esri><CreaDate>20130919</CreaDate><CreaTime>10501900</CreaTime><ArcGISFormat>1.0</ArcGISFormat><SyncOnce>TRUE</SyncOnce><DataProperties><lineage><Process ToolSource="C:\Program Files (x86)\ArcGIS\Desktop10.0\ArcToolbox\Toolboxes\Data Management Tools.tbx\AddSubtype" Date="20130131" Time="094217">AddSubtype D:\Topo50\Z11.gdb\dataset\DEPOSITO_DES50_P 305 "DEPÓSITO DE DESECHOS/JALE O TERRERO"</Process><Process ToolSource="C:\Program Files (x86)\ArcGIS\Desktop10.0\ArcToolbox\Toolboxes\Data Management Tools.tbx\AddSubtype" Date="20130131" Time="094219">AddSubtype D:\Topo50\Z11.gdb\dataset\DEPOSITO_DES50_P 306 "DEPÓSITO DE DESECHOS/RELLENO SANITARIO"</Process><Process ToolSource="C:\Program Files (x86)\ArcGIS\Desktop10.0\ArcToolbox\Toolboxes\Data Management Tools.tbx\AddSubtype" Date="20130131" Time="094222">AddSubtype D:\Topo50\Z11.gdb\dataset\DEPOSITO_DES50_P 307 "DEPÓSITO DE DESECHOS/TIRADERO"</Process><Process ToolSource="C:\Program Files (x86)\ArcGIS\Desktop10.0\ArcToolbox\Toolboxes\Data Management Tools.tbx\AddSubtype" Date="20130212" Time="090124">AddSubtype D:\Topo50\Z11.gdb\dataset\DEPOSITO_DES50_P 305 "Depósito de desechos/Jale o terrero"</Process><Process ToolSource="C:\Program Files (x86)\ArcGIS\Desktop10.0\ArcToolbox\Toolboxes\Data Management Tools.tbx\AddSubtype" Date="20130212" Time="090126">AddSubtype D:\Topo50\Z11.gdb\dataset\DEPOSITO_DES50_P 306 "Depósito de desechos/Relleno sanitario"</Process><Process ToolSource="C:\Program Files (x86)\ArcGIS\Desktop10.0\ArcToolbox\Toolboxes\Data Management Tools.tbx\AddSubtype" Date="20130212" Time="090129">AddSubtype D:\Topo50\Z11.gdb\dataset\DEPOSITO_DES50_P 307 "Depósito de desechos/Tiradero"</Process><Process ToolSource="C:\Program Files (x86)\ArcGIS\Desktop10.0\ArcToolbox\Toolboxes\Data Management Tools.tbx\Append" Date="20130412" Time="111345">Append DEPOSITO_DES50_P.shp D:\Compartir\E13B43\E13B43.gdb\dataset\DEPOSITO_DES50_P NO_TEST "ENTIDAD "ENTIDAD" true true false 254 Text 0 0 ,First,#,DEPOSITO_DES50_P.shp,ENTIDAD,-1,-1;CODIGO "CODIGO" true true false 254 Text 0 0 ,First,#,DEPOSITO_DES50_P.shp,CODIGO,-1,-1;CALI_REPR "CALI_REPR" true true false 254 Text 0 0 ,First,#,DEPOSITO_DES50_P.shp,CALI_REPR,-1,-1;GEOMETRIA "GEOMETRIA" true true false 254 Text 0 0 ,First,#,DEPOSITO_DES50_P.shp,GEOMETRIA,-1,-1;TIPO "TIPO" true true false 254 Text 0 0 ,First,#,DEPOSITO_DES50_P.shp,TIPO,-1,-1;NOMBRE "NOMBRE" true true false 254 Text 0 0 ,First,#,DEPOSITO_DES50_P.shp,NOMBRE,-1,-1;DESCRIPCION "DESCRIPCION" true true false 2 Short 0 0 ,First,#;NO_CONSEC "NO_CONSEC" true true false 11 Text 0 0 ,First,#" #</Process></lineage></DataProperties></Esri></metadata>
