<?xml version="1.0" encoding="UTF-8"?>
<metadata xml:lang="es"><Esri><CreaDate>20130919</CreaDate><CreaTime>10502200</CreaTime><ArcGISFormat>1.0</ArcGISFormat><SyncOnce>TRUE</SyncOnce><DataProperties><lineage><Process ToolSource="C:\Program Files (x86)\ArcGIS\Desktop10.0\ArcToolbox\Toolboxes\Data Management Tools.tbx\AddSubtype" Date="20130131" Time="095605">AddSubtype D:\Topo50\Z11.gdb\dataset\TANQUE_AGUA50_P 811 "TANQUE DE AGUA/CAJA DE AGUA/EN OPERACIÓN"</Process><Process ToolSource="C:\Program Files (x86)\ArcGIS\Desktop10.0\ArcToolbox\Toolboxes\Data Management Tools.tbx\AddSubtype" Date="20130131" Time="095608">AddSubtype D:\Topo50\Z11.gdb\dataset\TANQUE_AGUA50_P 812 "TANQUE DE AGUA/TANQUE ELEVADO/EN OPERACIÓN"</Process><Process ToolSource="C:\Program Files (x86)\ArcGIS\Desktop10.0\ArcToolbox\Toolboxes\Data Management Tools.tbx\AddSubtype" Date="20130131" Time="095610">AddSubtype D:\Topo50\Z11.gdb\dataset\TANQUE_AGUA50_P 813 "TANQUE DE AGUA/CAJA DE AGUA/FUERA DE USO"</Process><Process ToolSource="C:\Program Files (x86)\ArcGIS\Desktop10.0\ArcToolbox\Toolboxes\Data Management Tools.tbx\AddSubtype" Date="20130131" Time="095612">AddSubtype D:\Topo50\Z11.gdb\dataset\TANQUE_AGUA50_P 814 "TANQUE DE AGUA/TANQUE ELEVADO/FUERA DE USO"</Process><Process ToolSource="C:\Program Files (x86)\ArcGIS\Desktop10.0\ArcToolbox\Toolboxes\Data Management Tools.tbx\AddSubtype" Date="20130212" Time="091715">AddSubtype D:\Topo50\Z11.gdb\dataset\TANQUE_AGUA50_P 811 "Tanque de agua/Caja de agua/En operación"</Process><Process ToolSource="C:\Program Files (x86)\ArcGIS\Desktop10.0\ArcToolbox\Toolboxes\Data Management Tools.tbx\AddSubtype" Date="20130212" Time="091717">AddSubtype D:\Topo50\Z11.gdb\dataset\TANQUE_AGUA50_P 812 "Tanque de agua/Tanque elevado/En operación"</Process><Process ToolSource="C:\Program Files (x86)\ArcGIS\Desktop10.0\ArcToolbox\Toolboxes\Data Management Tools.tbx\AddSubtype" Date="20130212" Time="091720">AddSubtype D:\Topo50\Z11.gdb\dataset\TANQUE_AGUA50_P 813 "Tanque de agua/Caja de agua/Fuera de uso"</Process><Process ToolSource="C:\Program Files (x86)\ArcGIS\Desktop10.0\ArcToolbox\Toolboxes\Data Management Tools.tbx\AddSubtype" Date="20130212" Time="091723">AddSubtype D:\Topo50\Z11.gdb\dataset\TANQUE_AGUA50_P 814 "Tanque de agua/Tanque elevado/Fuera de uso"</Process><Process ToolSource="C:\Program Files (x86)\ArcGIS\Desktop10.0\ArcToolbox\Toolboxes\Data Management Tools.tbx\Append" Date="20130412" Time="111815">Append TANQUE_AGUA50_P.shp D:\Compartir\E13B43\E13B43.gdb\dataset\TANQUE_AGUA50_P NO_TEST "ENTIDAD "ENTIDAD" true true false 254 Text 0 0 ,First,#,TANQUE_AGUA50_P.shp,ENTIDAD,-1,-1;CODIGO "CODIGO" true true false 254 Text 0 0 ,First,#,TANQUE_AGUA50_P.shp,CODIGO,-1,-1;CALI_REPR "CALI_REPR" true true false 254 Text 0 0 ,First,#,TANQUE_AGUA50_P.shp,CALI_REPR,-1,-1;GEOMETRIA "GEOMETRIA" true true false 254 Text 0 0 ,First,#,TANQUE_AGUA50_P.shp,GEOMETRIA,-1,-1;CONDICION "CONDICION" true true false 254 Text 0 0 ,First,#,TANQUE_AGUA50_P.shp,CONDICION,-1,-1;TIPO "TIPO" true true false 254 Text 0 0 ,First,#,TANQUE_AGUA50_P.shp,TIPO,-1,-1;DESCRIPCION "DESCRIPCION" true true false 2 Short 0 0 ,First,#;NO_CONSEC "NO_CONSEC" true true false 11 Text 0 0 ,First,#" #</Process></lineage></DataProperties></Esri></metadata>
