<?xml version="1.0" encoding="UTF-8"?>
<metadata xml:lang="es"><Esri><CreaDate>20140211</CreaDate><CreaTime>11305500</CreaTime><ArcGISFormat>1.0</ArcGISFormat><SyncOnce>TRUE</SyncOnce><DataProperties><lineage><Process ToolSource="C:\Program Files (x86)\ArcGIS\Desktop10.0\ArcToolbox\Toolboxes\Data Management Tools.tbx\AddSubtype" Date="20130131" Time="094254">AddSubtype D:\Topo50\Z11.gdb\dataset\EDIFICACION50_A 6311 "EDIFICACIÓN/ADUANA Y/O CONTROL DE MIGRACIÓN"</Process><Process ToolSource="C:\Program Files (x86)\ArcGIS\Desktop10.0\ArcToolbox\Toolboxes\Data Management Tools.tbx\AddSubtype" Date="20130131" Time="094256">AddSubtype D:\Topo50\Z11.gdb\dataset\EDIFICACION50_A 6316 "EDIFICACIÓN/CENTRO DE ASISTENCIA MDICA"</Process><Process ToolSource="C:\Program Files (x86)\ArcGIS\Desktop10.0\ArcToolbox\Toolboxes\Data Management Tools.tbx\AddSubtype" Date="20130131" Time="094258">AddSubtype D:\Topo50\Z11.gdb\dataset\EDIFICACION50_A 6322 EDIFICACIÓN/ESCUELA</Process><Process ToolSource="C:\Program Files (x86)\ArcGIS\Desktop10.0\ArcToolbox\Toolboxes\Data Management Tools.tbx\AddSubtype" Date="20130131" Time="094300">AddSubtype D:\Topo50\Z11.gdb\dataset\EDIFICACION50_A 6325 "EDIFICACIÓN/ESTACIÓN DEL METRO"</Process><Process ToolSource="C:\Program Files (x86)\ArcGIS\Desktop10.0\ArcToolbox\Toolboxes\Data Management Tools.tbx\AddSubtype" Date="20130131" Time="094303">AddSubtype D:\Topo50\Z11.gdb\dataset\EDIFICACION50_A 6326 "EDIFICACIÓN/ESTACIÓN DEL TREN LIGERO"</Process><Process ToolSource="C:\Program Files (x86)\ArcGIS\Desktop10.0\ArcToolbox\Toolboxes\Data Management Tools.tbx\AddSubtype" Date="20130131" Time="094305">AddSubtype D:\Topo50\Z11.gdb\dataset\EDIFICACION50_A 6329 "EDIFICACIÓN/GRANJA O ESTABLO"</Process><Process ToolSource="C:\Program Files (x86)\ArcGIS\Desktop10.0\ArcToolbox\Toolboxes\Data Management Tools.tbx\AddSubtype" Date="20130131" Time="094307">AddSubtype D:\Topo50\Z11.gdb\dataset\EDIFICACION50_A 6333 EDIFICACIÓN/OTRO</Process><Process ToolSource="C:\Program Files (x86)\ArcGIS\Desktop10.0\ArcToolbox\Toolboxes\Data Management Tools.tbx\AddSubtype" Date="20130131" Time="094310">AddSubtype D:\Topo50\Z11.gdb\dataset\EDIFICACION50_A 6342 EDIFICACIÓN/TEMPLO</Process><Process ToolSource="C:\Program Files (x86)\ArcGIS\Desktop10.0\ArcToolbox\Toolboxes\Data Management Tools.tbx\AddSubtype" Date="20130131" Time="094312">AddSubtype D:\Topo50\Z11.gdb\dataset\EDIFICACION50_A 6344 "EDIFICACIÓN/MONUMENTO U OBELISCO"</Process><Process ToolSource="C:\Program Files (x86)\ArcGIS\Desktop10.0\ArcToolbox\Toolboxes\Data Management Tools.tbx\AddSubtype" Date="20130131" Time="094314">AddSubtype D:\Topo50\Z11.gdb\dataset\EDIFICACION50_A 6345 EDIFICACIÓN/PIRÁMIDE</Process><Process ToolSource="C:\Program Files (x86)\ArcGIS\Desktop10.0\ArcToolbox\Toolboxes\Data Management Tools.tbx\AddSubtype" Date="20130131" Time="094317">AddSubtype D:\Topo50\Z11.gdb\dataset\EDIFICACION50_A 6346 "EDIFICACIÓN/SITIO HISTÓRICO"</Process><Process ToolSource="C:\Program Files (x86)\ArcGIS\Desktop10.0\ArcToolbox\Toolboxes\Data Management Tools.tbx\AddSubtype" Date="20130212" Time="090212">AddSubtype D:\Topo50\Z11.gdb\dataset\EDIFICACION50_A 6311 "Edificación/Aduana y/o control de migración"</Process><Process ToolSource="C:\Program Files (x86)\ArcGIS\Desktop10.0\ArcToolbox\Toolboxes\Data Management Tools.tbx\AddSubtype" Date="20130212" Time="090214">AddSubtype D:\Topo50\Z11.gdb\dataset\EDIFICACION50_A 6316 "Edificación/Centro de asistencia médica"</Process><Process ToolSource="C:\Program Files (x86)\ArcGIS\Desktop10.0\ArcToolbox\Toolboxes\Data Management Tools.tbx\AddSubtype" Date="20130212" Time="090217">AddSubtype D:\Topo50\Z11.gdb\dataset\EDIFICACION50_A 6322 Edificación/Escuela</Process><Process ToolSource="C:\Program Files (x86)\ArcGIS\Desktop10.0\ArcToolbox\Toolboxes\Data Management Tools.tbx\AddSubtype" Date="20130212" Time="090219">AddSubtype D:\Topo50\Z11.gdb\dataset\EDIFICACION50_A 6325 "Edificación/Estación del metro"</Process><Process ToolSource="C:\Program Files (x86)\ArcGIS\Desktop10.0\ArcToolbox\Toolboxes\Data Management Tools.tbx\AddSubtype" Date="20130212" Time="090222">AddSubtype D:\Topo50\Z11.gdb\dataset\EDIFICACION50_A 6326 "Edificación/Estación del tren ligero"</Process><Process ToolSource="C:\Program Files (x86)\ArcGIS\Desktop10.0\ArcToolbox\Toolboxes\Data Management Tools.tbx\AddSubtype" Date="20130212" Time="090224">AddSubtype D:\Topo50\Z11.gdb\dataset\EDIFICACION50_A 6329 "Edificación/Granja o establo"</Process><Process ToolSource="C:\Program Files (x86)\ArcGIS\Desktop10.0\ArcToolbox\Toolboxes\Data Management Tools.tbx\AddSubtype" Date="20130212" Time="090227">AddSubtype D:\Topo50\Z11.gdb\dataset\EDIFICACION50_A 6333 Edificación/Otro</Process><Process ToolSource="C:\Program Files (x86)\ArcGIS\Desktop10.0\ArcToolbox\Toolboxes\Data Management Tools.tbx\AddSubtype" Date="20130212" Time="090230">AddSubtype D:\Topo50\Z11.gdb\dataset\EDIFICACION50_A 6342 Edificación/Templo</Process><Process ToolSource="C:\Program Files (x86)\ArcGIS\Desktop10.0\ArcToolbox\Toolboxes\Data Management Tools.tbx\AddSubtype" Date="20130212" Time="090232">AddSubtype D:\Topo50\Z11.gdb\dataset\EDIFICACION50_A 6344 "Edificación/Monumento u obelisco"</Process><Process ToolSource="C:\Program Files (x86)\ArcGIS\Desktop10.0\ArcToolbox\Toolboxes\Data Management Tools.tbx\AddSubtype" Date="20130212" Time="090235">AddSubtype D:\Topo50\Z11.gdb\dataset\EDIFICACION50_A 6345 Edificación/Pirámide</Process><Process ToolSource="C:\Program Files (x86)\ArcGIS\Desktop10.0\ArcToolbox\Toolboxes\Data Management Tools.tbx\AddSubtype" Date="20130212" Time="090237">AddSubtype D:\Topo50\Z11.gdb\dataset\EDIFICACION50_A 6346 "Edificación/Sitio histórico"</Process><Process ToolSource="c:\program files (x86)\arcgis\desktop10.1\ArcToolbox\Toolboxes\Data Management Tools.tbx\Append" Date="20131115" Time="155806">Append EDIFICACION50_A.shp H:\ACTUALIZA_TOPO50\2014\E13B34\E13B34.gdb\dataset\EDIFICACION50_A NO_TEST "ENTIDAD "ENTIDAD" true true false 254 Text 0 0 ,First,#,EDIFICACION50_A.shp,ENTIDAD,-1,-1;CODIGO "CODIGO" true true false 254 Text 0 0 ,First,#,EDIFICACION50_A.shp,CODIGO,-1,-1;CALI_REPR "CALI_REPR" true true false 254 Text 0 0 ,First,#,EDIFICACION50_A.shp,CALI_REPR,-1,-1;GEOMETRIA "GEOMETRIA" true true false 254 Text 0 0 ,First,#,EDIFICACION50_A.shp,GEOMETRIA,-1,-1;TIPO "TIPO" true true false 254 Text 0 0 ,First,#,EDIFICACION50_A.shp,TIPO,-1,-1;NOMBRE "NOMBRE" true true false 254 Text 0 0 ,First,#,EDIFICACION50_A.shp,NOMBRE,-1,-1;DESCRIPCION "DESCRIPCION" true true false 2 Short 0 0 ,First,#;NO_CONSEC "NO_CONSEC" true true false 11 Text 0 0 ,First,#;SHAPE_Length "SHAPE_Length" false true true 8 Double 0 0 ,First,#;SHAPE_Area "SHAPE_Area" false true true 8 Double 0 0 ,First,#" #</Process><Process ToolSource="c:\program files (x86)\arcgis\desktop10.1\ArcToolbox\Toolboxes\Data Management Tools.tbx\Append" Date="20131119" Time="124258">Append EDIFICACION50_A.shp H:\ACTUALIZA_TOPO50\2014\E13B34\E13B34.gdb\dataset\EDIFICACION50_A NO_TEST "ENTIDAD "ENTIDAD" true true false 254 Text 0 0 ,First,#,EDIFICACION50_A.shp,ENTIDAD,-1,-1;CODIGO "CODIGO" true true false 254 Text 0 0 ,First,#,EDIFICACION50_A.shp,CODIGO,-1,-1;CALI_REPR "CALI_REPR" true true false 254 Text 0 0 ,First,#,EDIFICACION50_A.shp,CALI_REPR,-1,-1;GEOMETRIA "GEOMETRIA" true true false 254 Text 0 0 ,First,#,EDIFICACION50_A.shp,GEOMETRIA,-1,-1;TIPO "TIPO" true true false 254 Text 0 0 ,First,#,EDIFICACION50_A.shp,TIPO,-1,-1;NOMBRE "NOMBRE" true true false 254 Text 0 0 ,First,#,EDIFICACION50_A.shp,NOMBRE,-1,-1;DESCRIPCION "DESCRIPCION" true true false 2 Short 0 0 ,First,#;NO_CONSEC "NO_CONSEC" true true false 11 Text 0 0 ,First,#;SHAPE_Length "SHAPE_Length" false true true 8 Double 0 0 ,First,#;SHAPE_Area "SHAPE_Area" false true true 8 Double 0 0 ,First,#" #</Process><Process ToolSource="c:\program files (x86)\arcgis\desktop10.1\ArcToolbox\Toolboxes\Data Management Tools.tbx\Append" Date="20131209" Time="133441">Append EDIFICACION50_A.shp H:\ACTUALIZA_TOPO50\2014\E13B34\E13B34.gdb\dataset\EDIFICACION50_A NO_TEST "ENTIDAD "ENTIDAD" true true false 254 Text 0 0 ,First,#,EDIFICACION50_A.shp,ENTIDAD,-1,-1;CODIGO "CODIGO" true true false 254 Text 0 0 ,First,#,EDIFICACION50_A.shp,CODIGO,-1,-1;CALI_REPR "CALI_REPR" true true false 254 Text 0 0 ,First,#,EDIFICACION50_A.shp,CALI_REPR,-1,-1;GEOMETRIA "GEOMETRIA" true true false 254 Text 0 0 ,First,#,EDIFICACION50_A.shp,GEOMETRIA,-1,-1;TIPO "TIPO" true true false 254 Text 0 0 ,First,#,EDIFICACION50_A.shp,TIPO,-1,-1;NOMBRE "NOMBRE" true true false 254 Text 0 0 ,First,#,EDIFICACION50_A.shp,NOMBRE,-1,-1;DESCRIPCION "DESCRIPCION" true true false 2 Short 0 0 ,First,#;NO_CONSEC "NO_CONSEC" true true false 11 Text 0 0 ,First,#;SHAPE_Length "SHAPE_Length" false true true 8 Double 0 0 ,First,#;SHAPE_Area "SHAPE_Area" false true true 8 Double 0 0 ,First,#" #</Process></lineage></DataProperties></Esri></metadata>
