<?xml version="1.0" encoding="UTF-8"?>
<metadata xml:lang="es"><Esri><CreaDate>20140211</CreaDate><CreaTime>11305500</CreaTime><ArcGISFormat>1.0</ArcGISFormat><SyncOnce>TRUE</SyncOnce><DataProperties><lineage><Process ToolSource="C:\Program Files (x86)\ArcGIS\Desktop10.0\ArcToolbox\Toolboxes\Data Management Tools.tbx\AddSubtype" Date="20130131" Time="094224">AddSubtype D:\Topo50\Z11.gdb\dataset\EDIFICACION50_P 311 "EDIFICACIÓN/ADUANA Y/O CONTROL DE MIGRACIÓN"</Process><Process ToolSource="C:\Program Files (x86)\ArcGIS\Desktop10.0\ArcToolbox\Toolboxes\Data Management Tools.tbx\AddSubtype" Date="20130131" Time="094226">AddSubtype D:\Topo50\Z11.gdb\dataset\EDIFICACION50_P 316 "EDIFICACIÓN/CENTRO DE ASISTENCIA MDICA"</Process><Process ToolSource="C:\Program Files (x86)\ArcGIS\Desktop10.0\ArcToolbox\Toolboxes\Data Management Tools.tbx\AddSubtype" Date="20130131" Time="094228">AddSubtype D:\Topo50\Z11.gdb\dataset\EDIFICACION50_P 322 EDIFICACIÓN/ESCUELA</Process><Process ToolSource="C:\Program Files (x86)\ArcGIS\Desktop10.0\ArcToolbox\Toolboxes\Data Management Tools.tbx\AddSubtype" Date="20130131" Time="094231">AddSubtype D:\Topo50\Z11.gdb\dataset\EDIFICACION50_P 325 "EDIFICACIÓN/ESTACIÓN DEL METRO"</Process><Process ToolSource="C:\Program Files (x86)\ArcGIS\Desktop10.0\ArcToolbox\Toolboxes\Data Management Tools.tbx\AddSubtype" Date="20130131" Time="094233">AddSubtype D:\Topo50\Z11.gdb\dataset\EDIFICACION50_P 326 "EDIFICACIÓN/ESTACIÓN DEL TREN LIGERO"</Process><Process ToolSource="C:\Program Files (x86)\ArcGIS\Desktop10.0\ArcToolbox\Toolboxes\Data Management Tools.tbx\AddSubtype" Date="20130131" Time="094235">AddSubtype D:\Topo50\Z11.gdb\dataset\EDIFICACION50_P 329 "EDIFICACIÓN/GRANJA O ESTABLO"</Process><Process ToolSource="C:\Program Files (x86)\ArcGIS\Desktop10.0\ArcToolbox\Toolboxes\Data Management Tools.tbx\AddSubtype" Date="20130131" Time="094237">AddSubtype D:\Topo50\Z11.gdb\dataset\EDIFICACION50_P 333 EDIFICACIÓN/OTRO</Process><Process ToolSource="C:\Program Files (x86)\ArcGIS\Desktop10.0\ArcToolbox\Toolboxes\Data Management Tools.tbx\AddSubtype" Date="20130131" Time="094240">AddSubtype D:\Topo50\Z11.gdb\dataset\EDIFICACION50_P 342 EDIFICACIÓN/TEMPLO</Process><Process ToolSource="C:\Program Files (x86)\ArcGIS\Desktop10.0\ArcToolbox\Toolboxes\Data Management Tools.tbx\AddSubtype" Date="20130131" Time="094242">AddSubtype D:\Topo50\Z11.gdb\dataset\EDIFICACION50_P 344 "EDIFICACIÓN/MONUMENTO U OBELISCO"</Process><Process ToolSource="C:\Program Files (x86)\ArcGIS\Desktop10.0\ArcToolbox\Toolboxes\Data Management Tools.tbx\AddSubtype" Date="20130131" Time="094244">AddSubtype D:\Topo50\Z11.gdb\dataset\EDIFICACION50_P 345 EDIFICACIÓN/PIRÁMIDE</Process><Process ToolSource="C:\Program Files (x86)\ArcGIS\Desktop10.0\ArcToolbox\Toolboxes\Data Management Tools.tbx\AddSubtype" Date="20130131" Time="094247">AddSubtype D:\Topo50\Z11.gdb\dataset\EDIFICACION50_P 346 "EDIFICACIÓN/SITIO HISTÓRICO"</Process><Process ToolSource="C:\Program Files (x86)\ArcGIS\Desktop10.0\ArcToolbox\Toolboxes\Data Management Tools.tbx\AddSubtype" Date="20130212" Time="090131">AddSubtype D:\Topo50\Z11.gdb\dataset\EDIFICACION50_P 311 "Edificación/Aduana y/o control de migración"</Process><Process ToolSource="C:\Program Files (x86)\ArcGIS\Desktop10.0\ArcToolbox\Toolboxes\Data Management Tools.tbx\AddSubtype" Date="20130212" Time="090134">AddSubtype D:\Topo50\Z11.gdb\dataset\EDIFICACION50_P 316 "Edificación/Centro de asistencia médica"</Process><Process ToolSource="C:\Program Files (x86)\ArcGIS\Desktop10.0\ArcToolbox\Toolboxes\Data Management Tools.tbx\AddSubtype" Date="20130212" Time="090137">AddSubtype D:\Topo50\Z11.gdb\dataset\EDIFICACION50_P 322 Edificación/Escuela</Process><Process ToolSource="C:\Program Files (x86)\ArcGIS\Desktop10.0\ArcToolbox\Toolboxes\Data Management Tools.tbx\AddSubtype" Date="20130212" Time="090141">AddSubtype D:\Topo50\Z11.gdb\dataset\EDIFICACION50_P 325 "Edificación/Estación del metro"</Process><Process ToolSource="C:\Program Files (x86)\ArcGIS\Desktop10.0\ArcToolbox\Toolboxes\Data Management Tools.tbx\AddSubtype" Date="20130212" Time="090144">AddSubtype D:\Topo50\Z11.gdb\dataset\EDIFICACION50_P 326 "Edificación/Estación del tren ligero"</Process><Process ToolSource="C:\Program Files (x86)\ArcGIS\Desktop10.0\ArcToolbox\Toolboxes\Data Management Tools.tbx\AddSubtype" Date="20130212" Time="090146">AddSubtype D:\Topo50\Z11.gdb\dataset\EDIFICACION50_P 329 "Edificación/Granja o establo"</Process><Process ToolSource="C:\Program Files (x86)\ArcGIS\Desktop10.0\ArcToolbox\Toolboxes\Data Management Tools.tbx\AddSubtype" Date="20130212" Time="090149">AddSubtype D:\Topo50\Z11.gdb\dataset\EDIFICACION50_P 333 Edificación/Otro</Process><Process ToolSource="C:\Program Files (x86)\ArcGIS\Desktop10.0\ArcToolbox\Toolboxes\Data Management Tools.tbx\AddSubtype" Date="20130212" Time="090155">AddSubtype D:\Topo50\Z11.gdb\dataset\EDIFICACION50_P 342 Edificación/Templo</Process><Process ToolSource="C:\Program Files (x86)\ArcGIS\Desktop10.0\ArcToolbox\Toolboxes\Data Management Tools.tbx\AddSubtype" Date="20130212" Time="090158">AddSubtype D:\Topo50\Z11.gdb\dataset\EDIFICACION50_P 344 "Edificación/Monumento u obelisco"</Process><Process ToolSource="C:\Program Files (x86)\ArcGIS\Desktop10.0\ArcToolbox\Toolboxes\Data Management Tools.tbx\AddSubtype" Date="20130212" Time="090201">AddSubtype D:\Topo50\Z11.gdb\dataset\EDIFICACION50_P 345 Edificación/Pirámide</Process><Process ToolSource="C:\Program Files (x86)\ArcGIS\Desktop10.0\ArcToolbox\Toolboxes\Data Management Tools.tbx\AddSubtype" Date="20130212" Time="090204">AddSubtype D:\Topo50\Z11.gdb\dataset\EDIFICACION50_P 346 "Edificación/Sitio histórico"</Process><Process ToolSource="c:\program files (x86)\arcgis\desktop10.1\ArcToolbox\Toolboxes\Data Management Tools.tbx\Append" Date="20131115" Time="155753">Append EDIFICACION50_P.shp H:\ACTUALIZA_TOPO50\2014\E13B34\E13B34.gdb\dataset\EDIFICACION50_P NO_TEST "ENTIDAD "ENTIDAD" true true false 254 Text 0 0 ,First,#,EDIFICACION50_P.shp,ENTIDAD,-1,-1;CODIGO "CODIGO" true true false 254 Text 0 0 ,First,#,EDIFICACION50_P.shp,CODIGO,-1,-1;CALI_REPR "CALI_REPR" true true false 254 Text 0 0 ,First,#,EDIFICACION50_P.shp,CALI_REPR,-1,-1;GEOMETRIA "GEOMETRIA" true true false 254 Text 0 0 ,First,#,EDIFICACION50_P.shp,GEOMETRIA,-1,-1;TIPO "TIPO" true true false 254 Text 0 0 ,First,#,EDIFICACION50_P.shp,TIPO,-1,-1;NOMBRE "NOMBRE" true true false 254 Text 0 0 ,First,#,EDIFICACION50_P.shp,NOMBRE,-1,-1;DESCRIPCION "DESCRIPCION" true true false 2 Short 0 0 ,First,#;NO_CONSEC "NO_CONSEC" true true false 11 Text 0 0 ,First,#" #</Process><Process ToolSource="c:\program files (x86)\arcgis\desktop10.1\ArcToolbox\Toolboxes\Data Management Tools.tbx\Append" Date="20131119" Time="124246">Append EDIFICACION50_P.shp H:\ACTUALIZA_TOPO50\2014\E13B34\E13B34.gdb\dataset\EDIFICACION50_P NO_TEST "ENTIDAD "ENTIDAD" true true false 254 Text 0 0 ,First,#,EDIFICACION50_P.shp,ENTIDAD,-1,-1;CODIGO "CODIGO" true true false 254 Text 0 0 ,First,#,EDIFICACION50_P.shp,CODIGO,-1,-1;CALI_REPR "CALI_REPR" true true false 254 Text 0 0 ,First,#,EDIFICACION50_P.shp,CALI_REPR,-1,-1;GEOMETRIA "GEOMETRIA" true true false 254 Text 0 0 ,First,#,EDIFICACION50_P.shp,GEOMETRIA,-1,-1;TIPO "TIPO" true true false 254 Text 0 0 ,First,#,EDIFICACION50_P.shp,TIPO,-1,-1;NOMBRE "NOMBRE" true true false 254 Text 0 0 ,First,#,EDIFICACION50_P.shp,NOMBRE,-1,-1;DESCRIPCION "DESCRIPCION" true true false 2 Short 0 0 ,First,#;NO_CONSEC "NO_CONSEC" true true false 11 Text 0 0 ,First,#" #</Process><Process ToolSource="c:\program files (x86)\arcgis\desktop10.1\ArcToolbox\Toolboxes\Data Management Tools.tbx\Append" Date="20131209" Time="133429">Append EDIFICACION50_P.shp H:\ACTUALIZA_TOPO50\2014\E13B34\E13B34.gdb\dataset\EDIFICACION50_P NO_TEST "ENTIDAD "ENTIDAD" true true false 254 Text 0 0 ,First,#,EDIFICACION50_P.shp,ENTIDAD,-1,-1;CODIGO "CODIGO" true true false 254 Text 0 0 ,First,#,EDIFICACION50_P.shp,CODIGO,-1,-1;CALI_REPR "CALI_REPR" true true false 254 Text 0 0 ,First,#,EDIFICACION50_P.shp,CALI_REPR,-1,-1;GEOMETRIA "GEOMETRIA" true true false 254 Text 0 0 ,First,#,EDIFICACION50_P.shp,GEOMETRIA,-1,-1;TIPO "TIPO" true true false 254 Text 0 0 ,First,#,EDIFICACION50_P.shp,TIPO,-1,-1;NOMBRE "NOMBRE" true true false 254 Text 0 0 ,First,#,EDIFICACION50_P.shp,NOMBRE,-1,-1;DESCRIPCION "DESCRIPCION" true true false 2 Short 0 0 ,First,#;NO_CONSEC "NO_CONSEC" true true false 11 Text 0 0 ,First,#" #</Process></lineage></DataProperties></Esri></metadata>
