<?xml version="1.0" encoding="UTF-8"?>
<metadata xml:lang="es"><Esri><CreaDate>20140211</CreaDate><CreaTime>11305700</CreaTime><ArcGISFormat>1.0</ArcGISFormat><SyncOnce>TRUE</SyncOnce><DataProperties><lineage><Process ToolSource="C:\Program Files (x86)\ArcGIS\Desktop10.0\ArcToolbox\Toolboxes\Data Management Tools.tbx\AddSubtype" Date="20130131" Time="094603">AddSubtype D:\Topo50\Z11.gdb\dataset\LINEA_TRANSM50_L 3501 "LÍNEA DE TRANSMISIÓN/UNA LÍNEA DE TORRES DE ACERO/EN OPERACIÓN"</Process><Process ToolSource="C:\Program Files (x86)\ArcGIS\Desktop10.0\ArcToolbox\Toolboxes\Data Management Tools.tbx\AddSubtype" Date="20130131" Time="094605">AddSubtype D:\Topo50\Z11.gdb\dataset\LINEA_TRANSM50_L 3502 "LÍNEA DE TRANSMISIÓN/DOS LÍNEAS DE TORRES DE ACERO/EN OPERACIÓN"</Process><Process ToolSource="C:\Program Files (x86)\ArcGIS\Desktop10.0\ArcToolbox\Toolboxes\Data Management Tools.tbx\AddSubtype" Date="20130131" Time="094608">AddSubtype D:\Topo50\Z11.gdb\dataset\LINEA_TRANSM50_L 3503 "LÍNEA DE TRANSMISIÓN/MÁS DE DOS LÍNEAS DE TORRES DE ACERO/EN OPERACIÓN"</Process><Process ToolSource="C:\Program Files (x86)\ArcGIS\Desktop10.0\ArcToolbox\Toolboxes\Data Management Tools.tbx\AddSubtype" Date="20130131" Time="094610">AddSubtype D:\Topo50\Z11.gdb\dataset\LINEA_TRANSM50_L 3504 "LÍNEA DE TRANSMISIÓN/UNA LÍNEA EN POSTERÍA SENCILLA/EN OPERACIÓN"</Process><Process ToolSource="C:\Program Files (x86)\ArcGIS\Desktop10.0\ArcToolbox\Toolboxes\Data Management Tools.tbx\AddSubtype" Date="20130131" Time="094612">AddSubtype D:\Topo50\Z11.gdb\dataset\LINEA_TRANSM50_L 3505 "LÍNEA DE TRANSMISIÓN/DOS LÍNEAS EN POSTERÍA SENCILLA/EN OPERACIÓN"</Process><Process ToolSource="C:\Program Files (x86)\ArcGIS\Desktop10.0\ArcToolbox\Toolboxes\Data Management Tools.tbx\AddSubtype" Date="20130131" Time="094615">AddSubtype D:\Topo50\Z11.gdb\dataset\LINEA_TRANSM50_L 3506 "LÍNEA DE TRANSMISIÓN/MÁS DE DOS LÍNEAS EN POSTERÍA SENCILLA/EN OPERACIÓN"</Process><Process ToolSource="C:\Program Files (x86)\ArcGIS\Desktop10.0\ArcToolbox\Toolboxes\Data Management Tools.tbx\AddSubtype" Date="20130131" Time="094617">AddSubtype D:\Topo50\Z11.gdb\dataset\LINEA_TRANSM50_L 3507 "LÍNEA DE TRANSMISIÓN/UNA LÍNEA DE POSTERÍA DOBLE (H)/EN OPERACIÓN"</Process><Process ToolSource="C:\Program Files (x86)\ArcGIS\Desktop10.0\ArcToolbox\Toolboxes\Data Management Tools.tbx\AddSubtype" Date="20130131" Time="094619">AddSubtype D:\Topo50\Z11.gdb\dataset\LINEA_TRANSM50_L 3508 "LÍNEA DE TRANSMISIÓN/DOS LÍNEAS DE POSTERÍA DOBLE (H)/EN OPERACIÓN"</Process><Process ToolSource="C:\Program Files (x86)\ArcGIS\Desktop10.0\ArcToolbox\Toolboxes\Data Management Tools.tbx\AddSubtype" Date="20130131" Time="094621">AddSubtype D:\Topo50\Z11.gdb\dataset\LINEA_TRANSM50_L 3509 "LÍNEA DE TRANSMISIÓN/MÁS DE DOS LÍNEAS EN POSTERÍA DOBLE (H)/EN OPERACIÓN"</Process><Process ToolSource="C:\Program Files (x86)\ArcGIS\Desktop10.0\ArcToolbox\Toolboxes\Data Management Tools.tbx\AddSubtype" Date="20130131" Time="094624">AddSubtype D:\Topo50\Z11.gdb\dataset\LINEA_TRANSM50_L 3510 "LÍNEA DE TRANSMISIÓN/DESCONOCIDO/EN OPERACIÓN"</Process><Process ToolSource="C:\Program Files (x86)\ArcGIS\Desktop10.0\ArcToolbox\Toolboxes\Data Management Tools.tbx\AddSubtype" Date="20130131" Time="094626">AddSubtype D:\Topo50\Z11.gdb\dataset\LINEA_TRANSM50_L 3511 "LÍNEA DE TRANSMISIÓN/ N/A /FUERA DE USO"</Process><Process ToolSource="C:\Program Files (x86)\ArcGIS\Desktop10.0\ArcToolbox\Toolboxes\Data Management Tools.tbx\AddSubtype" Date="20130131" Time="094628">AddSubtype D:\Topo50\Z11.gdb\dataset\LINEA_TRANSM50_L 3512 "LÍNEA DE TRANSMISIÓN/ N/A /EN CONSTRUCCIÓN"</Process><Process ToolSource="C:\Program Files (x86)\ArcGIS\Desktop10.0\ArcToolbox\Toolboxes\Data Management Tools.tbx\AddSubtype" Date="20130212" Time="090549">AddSubtype D:\Topo50\Z11.gdb\dataset\LINEA_TRANSM50_L 3501 "Línea de transmisión/Una línea en torres de acero/En operación"</Process><Process ToolSource="C:\Program Files (x86)\ArcGIS\Desktop10.0\ArcToolbox\Toolboxes\Data Management Tools.tbx\AddSubtype" Date="20130212" Time="090551">AddSubtype D:\Topo50\Z11.gdb\dataset\LINEA_TRANSM50_L 3502 "Línea de transmisión/Dos líneas en torres de acero/En operación"</Process><Process ToolSource="C:\Program Files (x86)\ArcGIS\Desktop10.0\ArcToolbox\Toolboxes\Data Management Tools.tbx\AddSubtype" Date="20130212" Time="090554">AddSubtype D:\Topo50\Z11.gdb\dataset\LINEA_TRANSM50_L 3503 "Línea de transmisión/Más de dos líneas en torres de acero/En operación"</Process><Process ToolSource="C:\Program Files (x86)\ArcGIS\Desktop10.0\ArcToolbox\Toolboxes\Data Management Tools.tbx\AddSubtype" Date="20130212" Time="090556">AddSubtype D:\Topo50\Z11.gdb\dataset\LINEA_TRANSM50_L 3504 "Línea de transmisión/Una línea en postería sencilla/En operación"</Process><Process ToolSource="C:\Program Files (x86)\ArcGIS\Desktop10.0\ArcToolbox\Toolboxes\Data Management Tools.tbx\AddSubtype" Date="20130212" Time="090559">AddSubtype D:\Topo50\Z11.gdb\dataset\LINEA_TRANSM50_L 3505 "Línea de transmisión/Dos líneas en postería sencilla/En operación"</Process><Process ToolSource="C:\Program Files (x86)\ArcGIS\Desktop10.0\ArcToolbox\Toolboxes\Data Management Tools.tbx\AddSubtype" Date="20130212" Time="090602">AddSubtype D:\Topo50\Z11.gdb\dataset\LINEA_TRANSM50_L 3506 "Línea de transmisión/Más de dos líneas en postería sencilla/En operación"</Process><Process ToolSource="C:\Program Files (x86)\ArcGIS\Desktop10.0\ArcToolbox\Toolboxes\Data Management Tools.tbx\AddSubtype" Date="20130212" Time="090604">AddSubtype D:\Topo50\Z11.gdb\dataset\LINEA_TRANSM50_L 3507 "Línea de transmisión/Una línea en postería doble (H)/En operación"</Process><Process ToolSource="C:\Program Files (x86)\ArcGIS\Desktop10.0\ArcToolbox\Toolboxes\Data Management Tools.tbx\AddSubtype" Date="20130212" Time="090607">AddSubtype D:\Topo50\Z11.gdb\dataset\LINEA_TRANSM50_L 3508 "Línea de transmisión/Dos líneas en postería doble (H)/En operación"</Process><Process ToolSource="C:\Program Files (x86)\ArcGIS\Desktop10.0\ArcToolbox\Toolboxes\Data Management Tools.tbx\AddSubtype" Date="20130212" Time="090609">AddSubtype D:\Topo50\Z11.gdb\dataset\LINEA_TRANSM50_L 3509 "Línea de transmisión/Más de dos líneas en postería doble (H)/En operación"</Process><Process ToolSource="C:\Program Files (x86)\ArcGIS\Desktop10.0\ArcToolbox\Toolboxes\Data Management Tools.tbx\AddSubtype" Date="20130212" Time="090612">AddSubtype D:\Topo50\Z11.gdb\dataset\LINEA_TRANSM50_L 3510 "Línea de transmisión/Desconocido/En operación"</Process><Process ToolSource="C:\Program Files (x86)\ArcGIS\Desktop10.0\ArcToolbox\Toolboxes\Data Management Tools.tbx\AddSubtype" Date="20130212" Time="090615">AddSubtype D:\Topo50\Z11.gdb\dataset\LINEA_TRANSM50_L 3511 "Línea de transmisión/ N/A /Fuera de uso"</Process><Process ToolSource="C:\Program Files (x86)\ArcGIS\Desktop10.0\ArcToolbox\Toolboxes\Data Management Tools.tbx\AddSubtype" Date="20130212" Time="090617">AddSubtype D:\Topo50\Z11.gdb\dataset\LINEA_TRANSM50_L 3512 "Línea de transmisión/ N/A /En construcción"</Process><Process ToolSource="c:\program files (x86)\arcgis\desktop10.1\ArcToolbox\Toolboxes\Data Management Tools.tbx\Append" Date="20131115" Time="155907">Append LINEA_TRANSM50_L.shp H:\ACTUALIZA_TOPO50\2014\E13B34\E13B34.gdb\dataset\LINEA_TRANSM50_L NO_TEST "ENTIDAD "ENTIDAD" true true false 254 Text 0 0 ,First,#,LINEA_TRANSM50_L.shp,ENTIDAD,-1,-1;CODIGO "CODIGO" true true false 254 Text 0 0 ,First,#,LINEA_TRANSM50_L.shp,CODIGO,-1,-1;CALI_REPR "CALI_REPR" true true false 254 Text 0 0 ,First,#,LINEA_TRANSM50_L.shp,CALI_REPR,-1,-1;GEOMETRIA "GEOMETRIA" true true false 254 Text 0 0 ,First,#,LINEA_TRANSM50_L.shp,GEOMETRIA,-1,-1;CONDICION "CONDICION" true true false 254 Text 0 0 ,First,#,LINEA_TRANSM50_L.shp,CONDICION,-1,-1;TIPO "TIPO" true true false 254 Text 0 0 ,First,#,LINEA_TRANSM50_L.shp,TIPO,-1,-1;DESCRIPCION "DESCRIPCION" true true false 2 Short 0 0 ,First,#;NO_CONSEC "NO_CONSEC" true true false 11 Text 0 0 ,First,#;SHAPE_Length "SHAPE_Length" false true true 8 Double 0 0 ,First,#" #</Process><Process ToolSource="c:\program files (x86)\arcgis\desktop10.1\ArcToolbox\Toolboxes\Data Management Tools.tbx\Append" Date="20131119" Time="124359">Append LINEA_TRANSM50_L.shp H:\ACTUALIZA_TOPO50\2014\E13B34\E13B34.gdb\dataset\LINEA_TRANSM50_L NO_TEST "ENTIDAD "ENTIDAD" true true false 254 Text 0 0 ,First,#,LINEA_TRANSM50_L.shp,ENTIDAD,-1,-1;CODIGO "CODIGO" true true false 254 Text 0 0 ,First,#,LINEA_TRANSM50_L.shp,CODIGO,-1,-1;CALI_REPR "CALI_REPR" true true false 254 Text 0 0 ,First,#,LINEA_TRANSM50_L.shp,CALI_REPR,-1,-1;GEOMETRIA "GEOMETRIA" true true false 254 Text 0 0 ,First,#,LINEA_TRANSM50_L.shp,GEOMETRIA,-1,-1;CONDICION "CONDICION" true true false 254 Text 0 0 ,First,#,LINEA_TRANSM50_L.shp,CONDICION,-1,-1;TIPO "TIPO" true true false 254 Text 0 0 ,First,#,LINEA_TRANSM50_L.shp,TIPO,-1,-1;DESCRIPCION "DESCRIPCION" true true false 2 Short 0 0 ,First,#;NO_CONSEC "NO_CONSEC" true true false 11 Text 0 0 ,First,#;SHAPE_Length "SHAPE_Length" false true true 8 Double 0 0 ,First,#" #</Process><Process ToolSource="c:\program files (x86)\arcgis\desktop10.1\ArcToolbox\Toolboxes\Data Management Tools.tbx\Append" Date="20131209" Time="133540">Append LINEA_TRANSM50_L.shp H:\ACTUALIZA_TOPO50\2014\E13B34\E13B34.gdb\dataset\LINEA_TRANSM50_L NO_TEST "ENTIDAD "ENTIDAD" true true false 254 Text 0 0 ,First,#,LINEA_TRANSM50_L.shp,ENTIDAD,-1,-1;CODIGO "CODIGO" true true false 254 Text 0 0 ,First,#,LINEA_TRANSM50_L.shp,CODIGO,-1,-1;CALI_REPR "CALI_REPR" true true false 254 Text 0 0 ,First,#,LINEA_TRANSM50_L.shp,CALI_REPR,-1,-1;GEOMETRIA "GEOMETRIA" true true false 254 Text 0 0 ,First,#,LINEA_TRANSM50_L.shp,GEOMETRIA,-1,-1;CONDICION "CONDICION" true true false 254 Text 0 0 ,First,#,LINEA_TRANSM50_L.shp,CONDICION,-1,-1;TIPO "TIPO" true true false 254 Text 0 0 ,First,#,LINEA_TRANSM50_L.shp,TIPO,-1,-1;DESCRIPCION "DESCRIPCION" true true false 2 Short 0 0 ,First,#;NO_CONSEC "NO_CONSEC" true true false 11 Text 0 0 ,First,#;SHAPE_Length "SHAPE_Length" false true true 8 Double 0 0 ,First,#" #</Process></lineage></DataProperties></Esri></metadata>
