<?xml version="1.0" encoding="UTF-8"?>
<metadata xml:lang="es"><Esri><CreaDate>20140211</CreaDate><CreaTime>11305700</CreaTime><ArcGISFormat>1.0</ArcGISFormat><SyncOnce>TRUE</SyncOnce><DataProperties><lineage><Process ToolSource="C:\Program Files (x86)\ArcGIS\Desktop10.0\ArcToolbox\Toolboxes\Data Management Tools.tbx\AddSubtype" Date="20130131" Time="094707">AddSubtype D:\Topo50\Z11.gdb\dataset\PISTA_AVIACI50_A 6641 "PISTA DE AVIACIÓN/TERRACERÍA/EN OPERACIÓN"</Process><Process ToolSource="C:\Program Files (x86)\ArcGIS\Desktop10.0\ArcToolbox\Toolboxes\Data Management Tools.tbx\AddSubtype" Date="20130131" Time="094709">AddSubtype D:\Topo50\Z11.gdb\dataset\PISTA_AVIACI50_A 6643 "PISTA DE AVIACIÓN/PAVIMENTADA/EN OPERACIÓN"</Process><Process ToolSource="C:\Program Files (x86)\ArcGIS\Desktop10.0\ArcToolbox\Toolboxes\Data Management Tools.tbx\AddSubtype" Date="20130131" Time="094712">AddSubtype D:\Topo50\Z11.gdb\dataset\PISTA_AVIACI50_A 6646 "PISTA DE AVIACIÓN/ N/A /EN CONSTRUCCIÓN"</Process><Process ToolSource="C:\Program Files (x86)\ArcGIS\Desktop10.0\ArcToolbox\Toolboxes\Data Management Tools.tbx\AddSubtype" Date="20130131" Time="094714">AddSubtype D:\Topo50\Z11.gdb\dataset\PISTA_AVIACI50_A 6647 "PISTA DE AVIACIÓN/ N/A /FUERA DE USO"</Process><Process ToolSource="C:\Program Files (x86)\ArcGIS\Desktop10.0\ArcToolbox\Toolboxes\Data Management Tools.tbx\AddSubtype" Date="20130212" Time="090704">AddSubtype D:\Topo50\Z11.gdb\dataset\PISTA_AVIACI50_A 6641 "Pista de aviación/Terracería/En operación"</Process><Process ToolSource="C:\Program Files (x86)\ArcGIS\Desktop10.0\ArcToolbox\Toolboxes\Data Management Tools.tbx\AddSubtype" Date="20130212" Time="090706">AddSubtype D:\Topo50\Z11.gdb\dataset\PISTA_AVIACI50_A 6643 "Pista de aviación/Pavimentada/En operación"</Process><Process ToolSource="C:\Program Files (x86)\ArcGIS\Desktop10.0\ArcToolbox\Toolboxes\Data Management Tools.tbx\AddSubtype" Date="20130212" Time="090709">AddSubtype D:\Topo50\Z11.gdb\dataset\PISTA_AVIACI50_A 6646 "Pista de aviación/ N/A /En construcción"</Process><Process ToolSource="C:\Program Files (x86)\ArcGIS\Desktop10.0\ArcToolbox\Toolboxes\Data Management Tools.tbx\AddSubtype" Date="20130212" Time="090712">AddSubtype D:\Topo50\Z11.gdb\dataset\PISTA_AVIACI50_A 6647 "Pista de aviación/ N/A /Fuera de uso"</Process><Process ToolSource="c:\program files (x86)\arcgis\desktop10.1\ArcToolbox\Toolboxes\Data Management Tools.tbx\Append" Date="20131115" Time="155920">Append PISTA_AVIACI50_A.shp H:\ACTUALIZA_TOPO50\2014\E13B34\E13B34.gdb\dataset\PISTA_AVIACI50_A NO_TEST "ENTIDAD "ENTIDAD" true true false 254 Text 0 0 ,First,#,PISTA_AVIACI50_A.shp,ENTIDAD,-1,-1;CODIGO "CODIGO" true true false 254 Text 0 0 ,First,#,PISTA_AVIACI50_A.shp,CODIGO,-1,-1;CALI_REPR "CALI_REPR" true true false 254 Text 0 0 ,First,#,PISTA_AVIACI50_A.shp,CALI_REPR,-1,-1;GEOMETRIA "GEOMETRIA" true true false 254 Text 0 0 ,First,#,PISTA_AVIACI50_A.shp,GEOMETRIA,-1,-1;CONDICION "CONDICION" true true false 254 Text 0 0 ,First,#,PISTA_AVIACI50_A.shp,CONDICION,-1,-1;TIPO "TIPO" true true false 254 Text 0 0 ,First,#,PISTA_AVIACI50_A.shp,TIPO,-1,-1;NOMBRE "NOMBRE" true true false 254 Text 0 0 ,First,#,PISTA_AVIACI50_A.shp,NOMBRE,-1,-1;DESCRIPCION "DESCRIPCION" true true false 2 Short 0 0 ,First,#;NO_CONSEC "NO_CONSEC" true true false 11 Text 0 0 ,First,#;SHAPE_Length "SHAPE_Length" false true true 8 Double 0 0 ,First,#;SHAPE_Area "SHAPE_Area" false true true 8 Double 0 0 ,First,#" #</Process><Process ToolSource="c:\program files (x86)\arcgis\desktop10.1\ArcToolbox\Toolboxes\Data Management Tools.tbx\Append" Date="20131119" Time="124410">Append PISTA_AVIACI50_A.shp H:\ACTUALIZA_TOPO50\2014\E13B34\E13B34.gdb\dataset\PISTA_AVIACI50_A NO_TEST "ENTIDAD "ENTIDAD" true true false 254 Text 0 0 ,First,#,PISTA_AVIACI50_A.shp,ENTIDAD,-1,-1;CODIGO "CODIGO" true true false 254 Text 0 0 ,First,#,PISTA_AVIACI50_A.shp,CODIGO,-1,-1;CALI_REPR "CALI_REPR" true true false 254 Text 0 0 ,First,#,PISTA_AVIACI50_A.shp,CALI_REPR,-1,-1;GEOMETRIA "GEOMETRIA" true true false 254 Text 0 0 ,First,#,PISTA_AVIACI50_A.shp,GEOMETRIA,-1,-1;CONDICION "CONDICION" true true false 254 Text 0 0 ,First,#,PISTA_AVIACI50_A.shp,CONDICION,-1,-1;TIPO "TIPO" true true false 254 Text 0 0 ,First,#,PISTA_AVIACI50_A.shp,TIPO,-1,-1;NOMBRE "NOMBRE" true true false 254 Text 0 0 ,First,#,PISTA_AVIACI50_A.shp,NOMBRE,-1,-1;DESCRIPCION "DESCRIPCION" true true false 2 Short 0 0 ,First,#;NO_CONSEC "NO_CONSEC" true true false 11 Text 0 0 ,First,#;SHAPE_Length "SHAPE_Length" false true true 8 Double 0 0 ,First,#;SHAPE_Area "SHAPE_Area" false true true 8 Double 0 0 ,First,#" #</Process><Process ToolSource="c:\program files (x86)\arcgis\desktop10.1\ArcToolbox\Toolboxes\Data Management Tools.tbx\Append" Date="20131209" Time="133552">Append PISTA_AVIACI50_A.shp H:\ACTUALIZA_TOPO50\2014\E13B34\E13B34.gdb\dataset\PISTA_AVIACI50_A NO_TEST "ENTIDAD "ENTIDAD" true true false 254 Text 0 0 ,First,#,PISTA_AVIACI50_A.shp,ENTIDAD,-1,-1;CODIGO "CODIGO" true true false 254 Text 0 0 ,First,#,PISTA_AVIACI50_A.shp,CODIGO,-1,-1;CALI_REPR "CALI_REPR" true true false 254 Text 0 0 ,First,#,PISTA_AVIACI50_A.shp,CALI_REPR,-1,-1;GEOMETRIA "GEOMETRIA" true true false 254 Text 0 0 ,First,#,PISTA_AVIACI50_A.shp,GEOMETRIA,-1,-1;CONDICION "CONDICION" true true false 254 Text 0 0 ,First,#,PISTA_AVIACI50_A.shp,CONDICION,-1,-1;TIPO "TIPO" true true false 254 Text 0 0 ,First,#,PISTA_AVIACI50_A.shp,TIPO,-1,-1;NOMBRE "NOMBRE" true true false 254 Text 0 0 ,First,#,PISTA_AVIACI50_A.shp,NOMBRE,-1,-1;DESCRIPCION "DESCRIPCION" true true false 2 Short 0 0 ,First,#;NO_CONSEC "NO_CONSEC" true true false 11 Text 0 0 ,First,#;SHAPE_Length "SHAPE_Length" false true true 8 Double 0 0 ,First,#;SHAPE_Area "SHAPE_Area" false true true 8 Double 0 0 ,First,#" #</Process></lineage></DataProperties></Esri></metadata>
