<?xml version="1.0" encoding="UTF-8"?>
<metadata xml:lang="es"><Esri><CreaDate>20140211</CreaDate><CreaTime>11305700</CreaTime><ArcGISFormat>1.0</ArcGISFormat><SyncOnce>TRUE</SyncOnce><DataProperties><lineage><Process ToolSource="C:\Program Files (x86)\ArcGIS\Desktop10.0\ArcToolbox\Toolboxes\Data Management Tools.tbx\AddSubtype" Date="20130131" Time="095542">AddSubtype D:\Topo50\Z11.gdb\dataset\SUBESTA_ELEC50_P 791 "SUBESTACIÓN ELCTRICA/EN CONSTRUCCIÓN"</Process><Process ToolSource="C:\Program Files (x86)\ArcGIS\Desktop10.0\ArcToolbox\Toolboxes\Data Management Tools.tbx\AddSubtype" Date="20130131" Time="095544">AddSubtype D:\Topo50\Z11.gdb\dataset\SUBESTA_ELEC50_P 792 "SUBESTACIÓN ELCTRICA/EN OPERACIÓN"</Process><Process ToolSource="C:\Program Files (x86)\ArcGIS\Desktop10.0\ArcToolbox\Toolboxes\Data Management Tools.tbx\AddSubtype" Date="20130131" Time="095546">AddSubtype D:\Topo50\Z11.gdb\dataset\SUBESTA_ELEC50_P 793 "SUBESTACIÓN ELCTRICA/FUERA DE USO"</Process><Process ToolSource="C:\Program Files (x86)\ArcGIS\Desktop10.0\ArcToolbox\Toolboxes\Data Management Tools.tbx\AddSubtype" Date="20130212" Time="091643">AddSubtype D:\Topo50\Z11.gdb\dataset\SUBESTA_ELEC50_P 791 "Subestación eléctrica/En construcción"</Process><Process ToolSource="C:\Program Files (x86)\ArcGIS\Desktop10.0\ArcToolbox\Toolboxes\Data Management Tools.tbx\AddSubtype" Date="20130212" Time="091646">AddSubtype D:\Topo50\Z11.gdb\dataset\SUBESTA_ELEC50_P 792 "Subestación eléctrica/En operación"</Process><Process ToolSource="C:\Program Files (x86)\ArcGIS\Desktop10.0\ArcToolbox\Toolboxes\Data Management Tools.tbx\AddSubtype" Date="20130212" Time="091649">AddSubtype D:\Topo50\Z11.gdb\dataset\SUBESTA_ELEC50_P 793 "Subestación eléctrica/Fuera de uso"</Process><Process ToolSource="c:\program files (x86)\arcgis\desktop10.1\ArcToolbox\Toolboxes\Data Management Tools.tbx\Append" Date="20131115" Time="155932">Append SUBESTA_ELEC50_P.shp H:\ACTUALIZA_TOPO50\2014\E13B34\E13B34.gdb\dataset\SUBESTA_ELEC50_P NO_TEST "ENTIDAD "ENTIDAD" true true false 254 Text 0 0 ,First,#,SUBESTA_ELEC50_P.shp,ENTIDAD,-1,-1;CODIGO "CODIGO" true true false 254 Text 0 0 ,First,#,SUBESTA_ELEC50_P.shp,CODIGO,-1,-1;CALI_REPR "CALI_REPR" true true false 254 Text 0 0 ,First,#,SUBESTA_ELEC50_P.shp,CALI_REPR,-1,-1;GEOMETRIA "GEOMETRIA" true true false 254 Text 0 0 ,First,#,SUBESTA_ELEC50_P.shp,GEOMETRIA,-1,-1;CONDICION "CONDICION" true true false 254 Text 0 0 ,First,#,SUBESTA_ELEC50_P.shp,CONDICION,-1,-1;NOMBRE "NOMBRE" true true false 254 Text 0 0 ,First,#,SUBESTA_ELEC50_P.shp,NOMBRE,-1,-1;DESCRIPCION "DESCRIPCION" true true false 2 Short 0 0 ,First,#;NO_CONSEC "NO_CONSEC" true true false 11 Text 0 0 ,First,#" #</Process><Process ToolSource="c:\program files (x86)\arcgis\desktop10.1\ArcToolbox\Toolboxes\Data Management Tools.tbx\Append" Date="20131119" Time="124422">Append SUBESTA_ELEC50_P.shp H:\ACTUALIZA_TOPO50\2014\E13B34\E13B34.gdb\dataset\SUBESTA_ELEC50_P NO_TEST "ENTIDAD "ENTIDAD" true true false 254 Text 0 0 ,First,#,SUBESTA_ELEC50_P.shp,ENTIDAD,-1,-1;CODIGO "CODIGO" true true false 254 Text 0 0 ,First,#,SUBESTA_ELEC50_P.shp,CODIGO,-1,-1;CALI_REPR "CALI_REPR" true true false 254 Text 0 0 ,First,#,SUBESTA_ELEC50_P.shp,CALI_REPR,-1,-1;GEOMETRIA "GEOMETRIA" true true false 254 Text 0 0 ,First,#,SUBESTA_ELEC50_P.shp,GEOMETRIA,-1,-1;CONDICION "CONDICION" true true false 254 Text 0 0 ,First,#,SUBESTA_ELEC50_P.shp,CONDICION,-1,-1;NOMBRE "NOMBRE" true true false 254 Text 0 0 ,First,#,SUBESTA_ELEC50_P.shp,NOMBRE,-1,-1;DESCRIPCION "DESCRIPCION" true true false 2 Short 0 0 ,First,#;NO_CONSEC "NO_CONSEC" true true false 11 Text 0 0 ,First,#" #</Process><Process ToolSource="c:\program files (x86)\arcgis\desktop10.1\ArcToolbox\Toolboxes\Data Management Tools.tbx\Append" Date="20131209" Time="133604">Append SUBESTA_ELEC50_P.shp H:\ACTUALIZA_TOPO50\2014\E13B34\E13B34.gdb\dataset\SUBESTA_ELEC50_P NO_TEST "ENTIDAD "ENTIDAD" true true false 254 Text 0 0 ,First,#,SUBESTA_ELEC50_P.shp,ENTIDAD,-1,-1;CODIGO "CODIGO" true true false 254 Text 0 0 ,First,#,SUBESTA_ELEC50_P.shp,CODIGO,-1,-1;CALI_REPR "CALI_REPR" true true false 254 Text 0 0 ,First,#,SUBESTA_ELEC50_P.shp,CALI_REPR,-1,-1;GEOMETRIA "GEOMETRIA" true true false 254 Text 0 0 ,First,#,SUBESTA_ELEC50_P.shp,GEOMETRIA,-1,-1;CONDICION "CONDICION" true true false 254 Text 0 0 ,First,#,SUBESTA_ELEC50_P.shp,CONDICION,-1,-1;NOMBRE "NOMBRE" true true false 254 Text 0 0 ,First,#,SUBESTA_ELEC50_P.shp,NOMBRE,-1,-1;DESCRIPCION "DESCRIPCION" true true false 2 Short 0 0 ,First,#;NO_CONSEC "NO_CONSEC" true true false 11 Text 0 0 ,First,#" #</Process></lineage></DataProperties></Esri></metadata>
