<?xml version="1.0" encoding="UTF-8"?>
<metadata xml:lang="es"><Esri><CreaDate>20140305</CreaDate><CreaTime>12390700</CreaTime><ArcGISFormat>1.0</ArcGISFormat><SyncOnce>TRUE</SyncOnce><DataProperties><lineage><Process ToolSource="C:\Program Files (x86)\ArcGIS\Desktop10.0\ArcToolbox\Toolboxes\Data Management Tools.tbx\AddSubtype" Date="20130131" Time="093854">AddSubtype D:\Topo50\Z11.gdb\dataset\CALLE50_L 3165 "CALLE/TERCER ORDEN"</Process><Process ToolSource="C:\Program Files (x86)\ArcGIS\Desktop10.0\ArcToolbox\Toolboxes\Data Management Tools.tbx\AddSubtype" Date="20130131" Time="093856">AddSubtype D:\Topo50\Z11.gdb\dataset\CALLE50_L 3166 "CALLE/SEGUNDO ORDEN"</Process><Process ToolSource="C:\Program Files (x86)\ArcGIS\Desktop10.0\ArcToolbox\Toolboxes\Data Management Tools.tbx\AddSubtype" Date="20130131" Time="093859">AddSubtype D:\Topo50\Z11.gdb\dataset\CALLE50_L 3167 "CALLE/PRIMER ORDEN"</Process><Process ToolSource="C:\Program Files (x86)\ArcGIS\Desktop10.0\ArcToolbox\Toolboxes\Data Management Tools.tbx\AddSubtype" Date="20130131" Time="093901">AddSubtype D:\Topo50\Z11.gdb\dataset\CALLE50_L 3168 "CALLE/CUARTO ORDEN"</Process><Process ToolSource="C:\Program Files (x86)\ArcGIS\Desktop10.0\ArcToolbox\Toolboxes\Data Management Tools.tbx\AddSubtype" Date="20130212" Time="085736">AddSubtype D:\Topo50\Z11.gdb\dataset\CALLE50_L 3165 "Calle de tercer orden"</Process><Process ToolSource="C:\Program Files (x86)\ArcGIS\Desktop10.0\ArcToolbox\Toolboxes\Data Management Tools.tbx\AddSubtype" Date="20130212" Time="085738">AddSubtype D:\Topo50\Z11.gdb\dataset\CALLE50_L 3166 "Calle de segundo orden"</Process><Process ToolSource="C:\Program Files (x86)\ArcGIS\Desktop10.0\ArcToolbox\Toolboxes\Data Management Tools.tbx\AddSubtype" Date="20130212" Time="085741">AddSubtype D:\Topo50\Z11.gdb\dataset\CALLE50_L 3167 "Calle de primer orden"</Process><Process ToolSource="C:\Program Files (x86)\ArcGIS\Desktop10.0\ArcToolbox\Toolboxes\Data Management Tools.tbx\AddSubtype" Date="20130212" Time="085743">AddSubtype D:\Topo50\Z11.gdb\dataset\CALLE50_L 3168 "Calle de cuarto orden"</Process><Process ToolSource="c:\program files (x86)\arcgis\desktop10.1\ArcToolbox\Toolboxes\Data Management Tools.tbx\Append" Date="20131127" Time="125410">Append CALLE50_L.shp H:\ACTUALIZA_TOPO50\2014\E13B35\E13B35.gdb\dataset\CALLE50_L NO_TEST "ENTIDAD "ENTIDAD" true true false 254 Text 0 0 ,First,#,CALLE50_L.shp,ENTIDAD,-1,-1;CODIGO "CODIGO" true true false 254 Text 0 0 ,First,#,CALLE50_L.shp,CODIGO,-1,-1;CALI_REPR "CALI_REPR" true true false 254 Text 0 0 ,First,#,CALLE50_L.shp,CALI_REPR,-1,-1;GEOMETRIA "GEOMETRIA" true true false 254 Text 0 0 ,First,#,CALLE50_L.shp,GEOMETRIA,-1,-1;TIPO "TIPO" true true false 254 Text 0 0 ,First,#,CALLE50_L.shp,TIPO,-1,-1;NOMBRE "NOMBRE" true true false 254 Text 0 0 ,First,#,CALLE50_L.shp,NOMBRE,-1,-1;DESCRIPCION "DESCRIPCION" true true false 2 Short 0 0 ,First,#;NO_CONSEC "NO_CONSEC" true true false 11 Text 0 0 ,First,#;SHAPE_Length "SHAPE_Length" false true true 8 Double 0 0 ,First,#" #</Process><Process ToolSource="c:\program files (x86)\arcgis\desktop10.1\ArcToolbox\Toolboxes\Data Management Tools.tbx\Append" Date="20131211" Time="142805">Append D:\Compartir\CALLES\UNIDAS\E13B35\CALLE50_L.shp D:\Compartir\CALLES\GDBS\E13B35\E13B35.gdb\dataset\CALLE50_L NO_TEST "ENTIDAD "ENTIDAD" true true false 254 Text 0 0 ,First,#,D:\Compartir\CALLES\UNIDAS\E13B35\CALLE50_L.shp,ENTIDAD,-1,-1;CODIGO "CODIGO" true true false 254 Text 0 0 ,First,#,D:\Compartir\CALLES\UNIDAS\E13B35\CALLE50_L.shp,CODIGO,-1,-1;CALI_REPR "CALI_REPR" true true false 254 Text 0 0 ,First,#,D:\Compartir\CALLES\UNIDAS\E13B35\CALLE50_L.shp,CALI_REPR,-1,-1;GEOMETRIA "GEOMETRIA" true true false 254 Text 0 0 ,First,#,D:\Compartir\CALLES\UNIDAS\E13B35\CALLE50_L.shp,GEOMETRIA,-1,-1;TIPO "TIPO" true true false 254 Text 0 0 ,First,#,D:\Compartir\CALLES\UNIDAS\E13B35\CALLE50_L.shp,TIPO,-1,-1;NOMBRE "NOMBRE" true true false 254 Text 0 0 ,First,#,D:\Compartir\CALLES\UNIDAS\E13B35\CALLE50_L.shp,NOMBRE,-1,-1;DESCRIPCION "DESCRIPCION" true true false 2 Short 0 0 ,First,#;NO_CONSEC "NO_CONSEC" true true false 11 Text 0 0 ,First,#;SHAPE_Length "SHAPE_Length" false true true 8 Double 0 0 ,First,#" #</Process><Process ToolSource="c:\program files (x86)\arcgis\desktop10.1\ArcToolbox\Toolboxes\Data Management Tools.tbx\Append" Date="20131216" Time="101431">Append D:\TOPO50K\RECORTE_CALLES\RECORTES_UTM\E13B35\CALLE50_L_06.shp F:\CALLES\E13B35\E13B35.gdb\dataset\CALLE50_L NO_TEST "ENTIDAD "ENTIDAD" true true false 254 Text 0 0 ,First,#,D:\TOPO50K\RECORTE_CALLES\RECORTES_UTM\E13B35\CALLE50_L_06.shp,ENTIDAD,-1,-1;CODIGO "CODIGO" true true false 254 Text 0 0 ,First,#,D:\TOPO50K\RECORTE_CALLES\RECORTES_UTM\E13B35\CALLE50_L_06.shp,CODIGO,-1,-1;CALI_REPR "CALI_REPR" true true false 254 Text 0 0 ,First,#,D:\TOPO50K\RECORTE_CALLES\RECORTES_UTM\E13B35\CALLE50_L_06.shp,CALI_REPR,-1,-1;GEOMETRIA "GEOMETRIA" true true false 254 Text 0 0 ,First,#,D:\TOPO50K\RECORTE_CALLES\RECORTES_UTM\E13B35\CALLE50_L_06.shp,GEOMETRIA,-1,-1;TIPO "TIPO" true true false 254 Text 0 0 ,First,#,D:\TOPO50K\RECORTE_CALLES\RECORTES_UTM\E13B35\CALLE50_L_06.shp,TIPO,-1,-1;NOMBRE "NOMBRE" true true false 254 Text 0 0 ,First,#,D:\TOPO50K\RECORTE_CALLES\RECORTES_UTM\E13B35\CALLE50_L_06.shp,NOMBRE,-1,-1;DESCRIPCION "DESCRIPCION" true true false 2 Short 0 0 ,First,#;NO_CONSEC "NO_CONSEC" true true false 11 Text 0 0 ,First,#;SHAPE_Length "SHAPE_Length" false true true 8 Double 0 0 ,First,#" #</Process><Process ToolSource="c:\program files (x86)\arcgis\desktop10.1\ArcToolbox\Toolboxes\Data Management Tools.tbx\Append" Date="20131216" Time="101447">Append D:\TOPO50K\RECORTE_CALLES\RECORTES_UTM\E13B35\CALLE50_L_14.shp F:\CALLES\E13B35\E13B35.gdb\dataset\CALLE50_L NO_TEST "ENTIDAD "ENTIDAD" true true false 254 Text 0 0 ,First,#,D:\TOPO50K\RECORTE_CALLES\RECORTES_UTM\E13B35\CALLE50_L_14.shp,ENTIDAD,-1,-1;CODIGO "CODIGO" true true false 254 Text 0 0 ,First,#,D:\TOPO50K\RECORTE_CALLES\RECORTES_UTM\E13B35\CALLE50_L_14.shp,CODIGO,-1,-1;CALI_REPR "CALI_REPR" true true false 254 Text 0 0 ,First,#,D:\TOPO50K\RECORTE_CALLES\RECORTES_UTM\E13B35\CALLE50_L_14.shp,CALI_REPR,-1,-1;GEOMETRIA "GEOMETRIA" true true false 254 Text 0 0 ,First,#,D:\TOPO50K\RECORTE_CALLES\RECORTES_UTM\E13B35\CALLE50_L_14.shp,GEOMETRIA,-1,-1;TIPO "TIPO" true true false 254 Text 0 0 ,First,#,D:\TOPO50K\RECORTE_CALLES\RECORTES_UTM\E13B35\CALLE50_L_14.shp,TIPO,-1,-1;NOMBRE "NOMBRE" true true false 254 Text 0 0 ,First,#,D:\TOPO50K\RECORTE_CALLES\RECORTES_UTM\E13B35\CALLE50_L_14.shp,NOMBRE,-1,-1;DESCRIPCION "DESCRIPCION" true true false 2 Short 0 0 ,First,#;NO_CONSEC "NO_CONSEC" true true false 11 Text 0 0 ,First,#;SHAPE_Length "SHAPE_Length" false true true 8 Double 0 0 ,First,#" #</Process><Process ToolSource="c:\program files (x86)\arcgis\desktop10.1\ArcToolbox\Toolboxes\Data Management Tools.tbx\Append" Date="20131216" Time="151941">Append D:\TOPO50K\RECORTE_CALLES\RECORTES_UTM\E13B35\CALLE50_L_06.shp F:\CALLES\E13B35\E13B35.gdb\dataset\CALLE50_L NO_TEST "ENTIDAD "ENTIDAD" true true false 254 Text 0 0 ,First,#,D:\TOPO50K\RECORTE_CALLES\RECORTES_UTM\E13B35\CALLE50_L_06.shp,ENTIDAD,-1,-1;CODIGO "CODIGO" true true false 254 Text 0 0 ,First,#,D:\TOPO50K\RECORTE_CALLES\RECORTES_UTM\E13B35\CALLE50_L_06.shp,CODIGO,-1,-1;CALI_REPR "CALI_REPR" true true false 254 Text 0 0 ,First,#,D:\TOPO50K\RECORTE_CALLES\RECORTES_UTM\E13B35\CALLE50_L_06.shp,CALI_REPR,-1,-1;GEOMETRIA "GEOMETRIA" true true false 254 Text 0 0 ,First,#,D:\TOPO50K\RECORTE_CALLES\RECORTES_UTM\E13B35\CALLE50_L_06.shp,GEOMETRIA,-1,-1;TIPO "TIPO" true true false 254 Text 0 0 ,First,#,D:\TOPO50K\RECORTE_CALLES\RECORTES_UTM\E13B35\CALLE50_L_06.shp,TIPO,-1,-1;NOMBRE "NOMBRE" true true false 254 Text 0 0 ,First,#,D:\TOPO50K\RECORTE_CALLES\RECORTES_UTM\E13B35\CALLE50_L_06.shp,NOMBRE,-1,-1;DESCRIPCION "DESCRIPCION" true true false 2 Short 0 0 ,First,#;NO_CONSEC "NO_CONSEC" true true false 11 Text 0 0 ,First,#;SHAPE_Length "SHAPE_Length" false true true 8 Double 0 0 ,First,#" #</Process><Process ToolSource="c:\program files (x86)\arcgis\desktop10.1\ArcToolbox\Toolboxes\Data Management Tools.tbx\Append" Date="20131216" Time="151952">Append D:\TOPO50K\RECORTE_CALLES\RECORTES_UTM\E13B35\CALLE50_L_14.shp F:\CALLES\E13B35\E13B35.gdb\dataset\CALLE50_L NO_TEST "ENTIDAD "ENTIDAD" true true false 254 Text 0 0 ,First,#,D:\TOPO50K\RECORTE_CALLES\RECORTES_UTM\E13B35\CALLE50_L_14.shp,ENTIDAD,-1,-1;CODIGO "CODIGO" true true false 254 Text 0 0 ,First,#,D:\TOPO50K\RECORTE_CALLES\RECORTES_UTM\E13B35\CALLE50_L_14.shp,CODIGO,-1,-1;CALI_REPR "CALI_REPR" true true false 254 Text 0 0 ,First,#,D:\TOPO50K\RECORTE_CALLES\RECORTES_UTM\E13B35\CALLE50_L_14.shp,CALI_REPR,-1,-1;GEOMETRIA "GEOMETRIA" true true false 254 Text 0 0 ,First,#,D:\TOPO50K\RECORTE_CALLES\RECORTES_UTM\E13B35\CALLE50_L_14.shp,GEOMETRIA,-1,-1;TIPO "TIPO" true true false 254 Text 0 0 ,First,#,D:\TOPO50K\RECORTE_CALLES\RECORTES_UTM\E13B35\CALLE50_L_14.shp,TIPO,-1,-1;NOMBRE "NOMBRE" true true false 254 Text 0 0 ,First,#,D:\TOPO50K\RECORTE_CALLES\RECORTES_UTM\E13B35\CALLE50_L_14.shp,NOMBRE,-1,-1;DESCRIPCION "DESCRIPCION" true true false 2 Short 0 0 ,First,#;NO_CONSEC "NO_CONSEC" true true false 11 Text 0 0 ,First,#;SHAPE_Length "SHAPE_Length" false true true 8 Double 0 0 ,First,#" #</Process></lineage></DataProperties></Esri></metadata>
