<?xml version="1.0" encoding="UTF-8"?>
<metadata xml:lang="es"><Esri><CreaDate>20140305</CreaDate><CreaTime>12390600</CreaTime><ArcGISFormat>1.0</ArcGISFormat><SyncOnce>TRUE</SyncOnce><DataProperties><lineage><Process ToolSource="C:\Program Files (x86)\ArcGIS\Desktop10.0\ArcToolbox\Toolboxes\Data Management Tools.tbx\AddSubtype" Date="20130131" Time="094439">AddSubtype D:\Topo50\Z11.gdb\dataset\INS_DIVERSA50_P 946 "INSTALACIÓN DIVERSA/ESTACIÓN DEL FERROCARRIL"</Process><Process ToolSource="C:\Program Files (x86)\ArcGIS\Desktop10.0\ArcToolbox\Toolboxes\Data Management Tools.tbx\AddSubtype" Date="20130212" Time="090411">AddSubtype D:\Topo50\Z11.gdb\dataset\INS_DIVERSA50_P 946 "Instalación diversa/Estación de ferrocarril"</Process><Process ToolSource="c:\program files (x86)\arcgis\desktop10.1\ArcToolbox\Toolboxes\Data Management Tools.tbx\Append" Date="20131127" Time="125340">Append INS_DIVERSA50_P.shp H:\ACTUALIZA_TOPO50\2014\E13B35\E13B35.gdb\dataset\INS_DIVERSA50_P NO_TEST "ENTIDAD "ENTIDAD" true true false 254 Text 0 0 ,First,#,INS_DIVERSA50_P.shp,ENTIDAD,-1,-1;CODIGO "CODIGO" true true false 254 Text 0 0 ,First,#,INS_DIVERSA50_P.shp,CODIGO,-1,-1;CALI_REPR "CALI_REPR" true true false 254 Text 0 0 ,First,#,INS_DIVERSA50_P.shp,CALI_REPR,-1,-1;GEOMETRIA "GEOMETRIA" true true false 254 Text 0 0 ,First,#,INS_DIVERSA50_P.shp,GEOMETRIA,-1,-1;NOMBRE "NOMBRE" true true false 254 Text 0 0 ,First,#,INS_DIVERSA50_P.shp,NOMBRE,-1,-1;TIPO "TIPO" true true false 254 Text 0 0 ,First,#,INS_DIVERSA50_P.shp,TIPO,-1,-1;DESCRIPCION "DESCRIPCION" true true false 2 Short 0 0 ,First,#;NO_CONSEC "NO_CONSEC" true true false 11 Text 0 0 ,First,#" #</Process></lineage></DataProperties></Esri></metadata>
