<?xml version="1.0" encoding="UTF-8"?>
<metadata xml:lang="es"><Esri><CreaDate>20140305</CreaDate><CreaTime>12391300</CreaTime><ArcGISFormat>1.0</ArcGISFormat><SyncOnce>TRUE</SyncOnce><DataProperties><lineage><Process ToolSource="C:\Program Files (x86)\ArcGIS\Desktop10.0\ArcToolbox\Toolboxes\Data Management Tools.tbx\AddSubtype" Date="20130131" Time="095633">AddSubtype D:\Topo50\Z11.gdb\dataset\VIA_FERREA50_L 3861 "VÍA FRREA/VÍA SENCILLA/EN OPERACIÓN"</Process><Process ToolSource="C:\Program Files (x86)\ArcGIS\Desktop10.0\ArcToolbox\Toolboxes\Data Management Tools.tbx\AddSubtype" Date="20130131" Time="095635">AddSubtype D:\Topo50\Z11.gdb\dataset\VIA_FERREA50_L 3862 "VÍA FRREA/VÍA DOBLE/EN OPERACIÓN"</Process><Process ToolSource="C:\Program Files (x86)\ArcGIS\Desktop10.0\ArcToolbox\Toolboxes\Data Management Tools.tbx\AddSubtype" Date="20130131" Time="095638">AddSubtype D:\Topo50\Z11.gdb\dataset\VIA_FERREA50_L 3863 "VÍA FRREA/ N/A /EN CONSTRUCCIÓN"</Process><Process ToolSource="C:\Program Files (x86)\ArcGIS\Desktop10.0\ArcToolbox\Toolboxes\Data Management Tools.tbx\AddSubtype" Date="20130131" Time="095640">AddSubtype D:\Topo50\Z11.gdb\dataset\VIA_FERREA50_L 3864 "VÍA FRREA/ N/A /FUERA DE USO"</Process><Process ToolSource="C:\Program Files (x86)\ArcGIS\Desktop10.0\ArcToolbox\Toolboxes\Data Management Tools.tbx\AddSubtype" Date="20130212" Time="091747">AddSubtype D:\Topo50\Z11.gdb\dataset\VIA_FERREA50_L 3861 "Vía ferrea/Vía sencilla/En operación"</Process><Process ToolSource="C:\Program Files (x86)\ArcGIS\Desktop10.0\ArcToolbox\Toolboxes\Data Management Tools.tbx\AddSubtype" Date="20130212" Time="091749">AddSubtype D:\Topo50\Z11.gdb\dataset\VIA_FERREA50_L 3862 "Vía ferrea/Doble vía/En operación"</Process><Process ToolSource="C:\Program Files (x86)\ArcGIS\Desktop10.0\ArcToolbox\Toolboxes\Data Management Tools.tbx\AddSubtype" Date="20130212" Time="091752">AddSubtype D:\Topo50\Z11.gdb\dataset\VIA_FERREA50_L 3863 "Vía ferrea/ N/A /En construcción"</Process><Process ToolSource="C:\Program Files (x86)\ArcGIS\Desktop10.0\ArcToolbox\Toolboxes\Data Management Tools.tbx\AddSubtype" Date="20130212" Time="091755">AddSubtype D:\Topo50\Z11.gdb\dataset\VIA_FERREA50_L 3864 "Vía ferrea/ N/A /Fuera de uso"</Process><Process ToolSource="c:\program files (x86)\arcgis\desktop10.1\ArcToolbox\Toolboxes\Data Management Tools.tbx\Append" Date="20131127" Time="125943">Append VIA_FERREA50_L.shp H:\ACTUALIZA_TOPO50\2014\E13B35\E13B35.gdb\dataset\VIA_FERREA50_L NO_TEST "ENTIDAD "ENTIDAD" true true false 254 Text 0 0 ,First,#,VIA_FERREA50_L.shp,ENTIDAD,-1,-1;CODIGO "CODIGO" true true false 254 Text 0 0 ,First,#,VIA_FERREA50_L.shp,CODIGO,-1,-1;CALI_REPR "CALI_REPR" true true false 254 Text 0 0 ,First,#,VIA_FERREA50_L.shp,CALI_REPR,-1,-1;GEOMETRIA "GEOMETRIA" true true false 254 Text 0 0 ,First,#,VIA_FERREA50_L.shp,GEOMETRIA,-1,-1;CONDICION "CONDICION" true true false 254 Text 0 0 ,First,#,VIA_FERREA50_L.shp,CONDICION,-1,-1;TIPO "TIPO" true true false 254 Text 0 0 ,First,#,VIA_FERREA50_L.shp,TIPO,-1,-1;DESCRIPCION "DESCRIPCION" true true false 2 Short 0 0 ,First,#;NO_CONSEC "NO_CONSEC" true true false 11 Text 0 0 ,First,#;SHAPE_Length "SHAPE_Length" false true true 8 Double 0 0 ,First,#" #</Process></lineage></DataProperties></Esri></metadata>
