<?xml version="1.0" encoding="UTF-8"?>
<metadata xml:lang="es"><Esri><CreaDate>20131018</CreaDate><CreaTime>13582900</CreaTime><ArcGISFormat>1.0</ArcGISFormat><SyncOnce>TRUE</SyncOnce><DataProperties><lineage><Process ToolSource="C:\Program Files (x86)\ArcGIS\Desktop10.0\ArcToolbox\Toolboxes\Data Management Tools.tbx\AddSubtype" Date="20130131" Time="094406">AddSubtype D:\Topo50\Z11.gdb\dataset\INS_DEPORTIV50_P 427 "INSTALACIÓN DEPORTIVA O RECREATIVA/LIENZO CHARRO"</Process><Process ToolSource="C:\Program Files (x86)\ArcGIS\Desktop10.0\ArcToolbox\Toolboxes\Data Management Tools.tbx\AddSubtype" Date="20130131" Time="094409">AddSubtype D:\Topo50\Z11.gdb\dataset\INS_DEPORTIV50_P 429 "INSTALACIÓN DEPORTIVA O RECREATIVA/PLAZA DE TOROS"</Process><Process ToolSource="C:\Program Files (x86)\ArcGIS\Desktop10.0\ArcToolbox\Toolboxes\Data Management Tools.tbx\AddSubtype" Date="20130212" Time="090335">AddSubtype D:\Topo50\Z11.gdb\dataset\INS_DEPORTIV50_P 427 "Instalación deportiva o recreativa/Lienzo charro"</Process><Process ToolSource="C:\Program Files (x86)\ArcGIS\Desktop10.0\ArcToolbox\Toolboxes\Data Management Tools.tbx\AddSubtype" Date="20130212" Time="090338">AddSubtype D:\Topo50\Z11.gdb\dataset\INS_DEPORTIV50_P 429 "Instalación deportiva o recreativa/Plaza de toros"</Process><Process ToolSource="C:\Program Files (x86)\ArcGIS\Desktop10.0\ArcToolbox\Toolboxes\Data Management Tools.tbx\Append" Date="20130412" Time="113734">Append INS_DEPORTIV50_P.shp D:\Compartir\E13B44\E13B44.gdb\dataset\INS_DEPORTIV50_P NO_TEST "ENTIDAD "ENTIDAD" true true false 254 Text 0 0 ,First,#,INS_DEPORTIV50_P.shp,ENTIDAD,-1,-1;CODIGO "CODIGO" true true false 254 Text 0 0 ,First,#,INS_DEPORTIV50_P.shp,CODIGO,-1,-1;CALI_REPR "CALI_REPR" true true false 254 Text 0 0 ,First,#,INS_DEPORTIV50_P.shp,CALI_REPR,-1,-1;GEOMETRIA "GEOMETRIA" true true false 254 Text 0 0 ,First,#,INS_DEPORTIV50_P.shp,GEOMETRIA,-1,-1;NOMBRE "NOMBRE" true true false 254 Text 0 0 ,First,#,INS_DEPORTIV50_P.shp,NOMBRE,-1,-1;TIPO "TIPO" true true false 254 Text 0 0 ,First,#,INS_DEPORTIV50_P.shp,TIPO,-1,-1;DESCRIPCION "DESCRIPCION" true true false 2 Short 0 0 ,First,#;NO_CONSEC "NO_CONSEC" true true false 11 Text 0 0 ,First,#" #</Process></lineage></DataProperties></Esri></metadata>
