<?xml version="1.0" encoding="UTF-8"?>
<metadata xml:lang="es"><Esri><CreaDate>20131018</CreaDate><CreaTime>13582700</CreaTime><SyncOnce>FALSE</SyncOnce><SyncDate>20111130</SyncDate><SyncTime>12101100</SyncTime><ModDate>20111130</ModDate><ModTime>12101100</ModTime><DataProperties><lineage><Process ToolSource="C:\Archivos de programa\ArcGIS\ArcToolbox\Toolboxes\Conversion Tools.tbx\FeatureClassToFeatureClass" Date="20100524" Time="084744">FeatureClassToFeatureClass F:\Cartas-Validadas-690\VERSION_3\E14A39d\E14A39d-SHP\E14A39d_INS_DIVERSA20_A.shp F:\20100521_EST_GEODATABASE_TOPO20\ZONA_11.gdb INS_DIVERSA20_A ""FID" = 1000" "ENTIDAD 'ENTIDAD' true true false 254 Text 0 0 ,First,#,F:\Cartas-Validadas-690\VERSION_3\E14A39d\E14A39d-SHP\E14A39d_INS_DIVERSA20_A.shp,ENTIDAD,-1,-1;CODIGO 'CODIGO' true true false 254 Text 0 0 ,First,#,F:\Cartas-Validadas-690\VERSION_3\E14A39d\E14A39d-SHP\E14A39d_INS_DIVERSA20_A.shp,CODIGO,-1,-1;CALI_REPR 'CALI_REPR' true true false 254 Text 0 0 ,First,#,F:\Cartas-Validadas-690\VERSION_3\E14A39d\E14A39d-SHP\E14A39d_INS_DIVERSA20_A.shp,CALI_REPR,-1,-1;GEOMETRIA 'GEOMETRIA' true true false 254 Text 0 0 ,First,#,F:\Cartas-Validadas-690\VERSION_3\E14A39d\E14A39d-SHP\E14A39d_INS_DIVERSA20_A.shp,GEOMETRIA,-1,-1;NOMBRE 'NOMBRE' true true false 254 Text 0 0 ,First,#,F:\Cartas-Validadas-690\VERSION_3\E14A39d\E14A39d-SHP\E14A39d_INS_DIVERSA20_A.shp,NOMBRE,-1,-1;TIPO 'TIPO' true true false 254 Text 0 0 ,First,#,F:\Cartas-Validadas-690\VERSION_3\E14A39d\E14A39d-SHP\E14A39d_INS_DIVERSA20_A.shp,TIPO,-1,-1" # F:\20100521_EST_GEODATABASE_TOPO20\ZONA_11.gdb\INS_DIVERSA20_A</Process><Process ToolSource="C:\Archivos de programa\ArcGIS\ArcToolbox\Toolboxes\Data Management Tools.tbx\CopyFeatures" Date="20100525" Time="131831">CopyFeatures F:\20100521_EST_GEODATABASE_TOPO20\ZONA_11.gdb\INS_DIVERSA20_A F:\20100521_EST_GEODATABASE_TOPO20\Prof.gdb\dataset\INS_DIVERSA20_A # 0 0 0</Process><Process ToolSource="C:\Archivos de programa\ArcGIS\ArcToolbox\Toolboxes\Data Management Tools.tbx\CopyFeatures" Date="20110210" Time="162545">CopyFeatures D:\TOPO20K\E15A72C\E15A72C.gdb\dataset\INS_DIVERSA20_A D:\TOPO20K\nuevo\E15A72C.gdb\dataset\INS_DIVERSA20_A # 0 0 0</Process><Process ToolSource="C:\Archivos de programa\ArcGIS\ArcToolbox\Toolboxes\Data Management Tools.tbx\CopyFeatures" Date="20110214" Time="132115">CopyFeatures D:\TOPO20K\E15A72C\E15A72C.gdb\dataset\INS_DIVERSA20_A D:\TOPO20K\G14C86F\G14C86F.gdb\dataset\INS_DIVERSA20_A # 0 0 0</Process><Process ToolSource="C:\Archivos de programa\ArcGIS\ArcToolbox\Toolboxes\Data Management Tools.tbx\CopyFeatures" Date="20110322" Time="163554">CopyFeatures D:\TOPO20K\G14C86F\G14C86F.gdb\dataset\INS_DIVERSA20_A D:\TOPO20K\G14B84D\G14B84D.gdb\dataset\INS_DIVERSA20_A # 0 0 0</Process><Process ToolSource="C:\Archivos de programa\ArcGIS\ArcToolbox\Toolboxes\Data Management Tools.tbx\RemoveSpatialIndex" Date="20110324" Time="135905">RemoveSpatialIndex INS_DIVERSA20_A INS_DIVERSA20_A</Process><Process ToolSource="C:\Program Files (x86)\ArcGIS\Desktop10.0\ArcToolbox\Toolboxes\Data Management Tools.tbx\CopyFeatures" Date="20110629" Time="090234">CopyFeatures D:\GDB_Topo20k\Capas\G14B84D.gdb\dataset\INS_DIVERSA20_A D:\GDB_Topo20k\F14C52f.gdb\dataset\INS_DIVERSA20_A # 0 0 0</Process><Process ToolSource="C:\Program Files (x86)\ArcGIS\Desktop10.0\ArcToolbox\Toolboxes\Data Management Tools.tbx\CopyFeatures" Date="20110711" Time="101915">CopyFeatures D:\GDB_Topo20k\F14C52f\F14C52f.gdb\dataset\INS_DIVERSA20_A D:\GDB_Topo20k\Capas\G14B84D.gdb\dataset\INS_DIVERSA20_A # 0 0 0</Process><Process ToolSource="C:\Program Files (x86)\ArcGIS\Desktop10.0\ArcToolbox\Toolboxes\Data Management Tools.tbx\CopyFeatures" Date="20111130" Time="121013">CopyFeatures D:\GDB_Topo20k\Capas\G14B84D.gdb\INS_DIVERSA20_A D:\GDB_Topo20k\I11D87f\I11D87f.gdb\dataset\INS_DIVERSA20_A # 0 0 0</Process><Process ToolSource="C:\Program Files (x86)\ArcGIS\Desktop10.0\ArcToolbox\Toolboxes\Data Management Tools.tbx\AddSubtype" Date="20130131" Time="094441">AddSubtype D:\Topo50\Z11.gdb\dataset\INS_DIVERSA50_A 6332 "INSTALACIÓN DIVERSA/OBSERVATORIO ASTRONÓMICO"</Process><Process ToolSource="C:\Program Files (x86)\ArcGIS\Desktop10.0\ArcToolbox\Toolboxes\Data Management Tools.tbx\AddSubtype" Date="20130131" Time="094443">AddSubtype D:\Topo50\Z11.gdb\dataset\INS_DIVERSA50_A 6941 "INSTALACIÓN DIVERSA/ALMACENES DE DEPÓSITO"</Process><Process ToolSource="C:\Program Files (x86)\ArcGIS\Desktop10.0\ArcToolbox\Toolboxes\Data Management Tools.tbx\AddSubtype" Date="20130131" Time="094446">AddSubtype D:\Topo50\Z11.gdb\dataset\INS_DIVERSA50_A 6942 "INSTALACIÓN DIVERSA/CENTRAL DE AUTOBUSES"</Process><Process ToolSource="C:\Program Files (x86)\ArcGIS\Desktop10.0\ArcToolbox\Toolboxes\Data Management Tools.tbx\AddSubtype" Date="20130131" Time="094448">AddSubtype D:\Topo50\Z11.gdb\dataset\INS_DIVERSA50_A 6943 "INSTALACIÓN DIVERSA/CENTRO DE ESTUDIOS SUPERIORES"</Process><Process ToolSource="C:\Program Files (x86)\ArcGIS\Desktop10.0\ArcToolbox\Toolboxes\Data Management Tools.tbx\AddSubtype" Date="20130131" Time="094450">AddSubtype D:\Topo50\Z11.gdb\dataset\INS_DIVERSA50_A 6944 "INSTALACIÓN DIVERSA/CENTRO DE INVESTIGACIÓN"</Process><Process ToolSource="C:\Program Files (x86)\ArcGIS\Desktop10.0\ArcToolbox\Toolboxes\Data Management Tools.tbx\AddSubtype" Date="20130131" Time="094453">AddSubtype D:\Topo50\Z11.gdb\dataset\INS_DIVERSA50_A 6945 "INSTALACIÓN DIVERSA/COMPLEJO MDICO"</Process><Process ToolSource="C:\Program Files (x86)\ArcGIS\Desktop10.0\ArcToolbox\Toolboxes\Data Management Tools.tbx\AddSubtype" Date="20130131" Time="094455">AddSubtype D:\Topo50\Z11.gdb\dataset\INS_DIVERSA50_A 6946 "INSTALACIÓN DIVERSA/ESTACIÓN DEL FERROCARRIL"</Process><Process ToolSource="C:\Program Files (x86)\ArcGIS\Desktop10.0\ArcToolbox\Toolboxes\Data Management Tools.tbx\AddSubtype" Date="20130131" Time="094458">AddSubtype D:\Topo50\Z11.gdb\dataset\INS_DIVERSA50_A 6947 "INSTALACIÓN DIVERSA/PLANTA DESALINADORA"</Process><Process ToolSource="C:\Program Files (x86)\ArcGIS\Desktop10.0\ArcToolbox\Toolboxes\Data Management Tools.tbx\AddSubtype" Date="20130131" Time="094500">AddSubtype D:\Topo50\Z11.gdb\dataset\INS_DIVERSA50_A 6948 "INSTALACIÓN DIVERSA/PLANTA DE TRATAMIENTO DE AGUA"</Process><Process ToolSource="C:\Program Files (x86)\ArcGIS\Desktop10.0\ArcToolbox\Toolboxes\Data Management Tools.tbx\AddSubtype" Date="20130131" Time="094502">AddSubtype D:\Topo50\Z11.gdb\dataset\INS_DIVERSA50_A 6949 "INSTALACIÓN DIVERSA/RECLUSORIO"</Process><Process ToolSource="C:\Program Files (x86)\ArcGIS\Desktop10.0\ArcToolbox\Toolboxes\Data Management Tools.tbx\AddSubtype" Date="20130131" Time="094504">AddSubtype D:\Topo50\Z11.gdb\dataset\INS_DIVERSA50_A 6950 "INSTALACIÓN DIVERSA/OTRO"</Process><Process ToolSource="C:\Program Files (x86)\ArcGIS\Desktop10.0\ArcToolbox\Toolboxes\Data Management Tools.tbx\AddSubtype" Date="20130212" Time="090414">AddSubtype D:\Topo50\Z11.gdb\dataset\INS_DIVERSA50_A 6332 "Instalación diversa/Observatorio astronómico"</Process><Process ToolSource="C:\Program Files (x86)\ArcGIS\Desktop10.0\ArcToolbox\Toolboxes\Data Management Tools.tbx\AddSubtype" Date="20130212" Time="090416">AddSubtype D:\Topo50\Z11.gdb\dataset\INS_DIVERSA50_A 6941 "Instalación diversa/Almacenes de depósito"</Process><Process ToolSource="C:\Program Files (x86)\ArcGIS\Desktop10.0\ArcToolbox\Toolboxes\Data Management Tools.tbx\AddSubtype" Date="20130212" Time="090419">AddSubtype D:\Topo50\Z11.gdb\dataset\INS_DIVERSA50_A 6942 "Instalación diversa/Central de autobuses"</Process><Process ToolSource="C:\Program Files (x86)\ArcGIS\Desktop10.0\ArcToolbox\Toolboxes\Data Management Tools.tbx\AddSubtype" Date="20130212" Time="090421">AddSubtype D:\Topo50\Z11.gdb\dataset\INS_DIVERSA50_A 6943 "Instalación diversa/Centro de estudios superiores"</Process><Process ToolSource="C:\Program Files (x86)\ArcGIS\Desktop10.0\ArcToolbox\Toolboxes\Data Management Tools.tbx\AddSubtype" Date="20130212" Time="090424">AddSubtype D:\Topo50\Z11.gdb\dataset\INS_DIVERSA50_A 6944 "Instalación diversa/Centro de investigación"</Process><Process ToolSource="C:\Program Files (x86)\ArcGIS\Desktop10.0\ArcToolbox\Toolboxes\Data Management Tools.tbx\AddSubtype" Date="20130212" Time="090426">AddSubtype D:\Topo50\Z11.gdb\dataset\INS_DIVERSA50_A 6945 "Instalación diversa/Complejo médico"</Process><Process ToolSource="C:\Program Files (x86)\ArcGIS\Desktop10.0\ArcToolbox\Toolboxes\Data Management Tools.tbx\AddSubtype" Date="20130212" Time="090429">AddSubtype D:\Topo50\Z11.gdb\dataset\INS_DIVERSA50_A 6946 "Instalación diversa/Estación de ferrocarril"</Process><Process ToolSource="C:\Program Files (x86)\ArcGIS\Desktop10.0\ArcToolbox\Toolboxes\Data Management Tools.tbx\AddSubtype" Date="20130212" Time="090432">AddSubtype D:\Topo50\Z11.gdb\dataset\INS_DIVERSA50_A 6947 "Instalación diversa/Planta desalinadora"</Process><Process ToolSource="C:\Program Files (x86)\ArcGIS\Desktop10.0\ArcToolbox\Toolboxes\Data Management Tools.tbx\AddSubtype" Date="20130212" Time="090434">AddSubtype D:\Topo50\Z11.gdb\dataset\INS_DIVERSA50_A 6948 "Instalación diversa/Planta de tratamiento de agua"</Process><Process ToolSource="C:\Program Files (x86)\ArcGIS\Desktop10.0\ArcToolbox\Toolboxes\Data Management Tools.tbx\AddSubtype" Date="20130212" Time="090437">AddSubtype D:\Topo50\Z11.gdb\dataset\INS_DIVERSA50_A 6949 "Instalación diversa/Reclusorio"</Process><Process ToolSource="C:\Program Files (x86)\ArcGIS\Desktop10.0\ArcToolbox\Toolboxes\Data Management Tools.tbx\AddSubtype" Date="20130212" Time="090440">AddSubtype D:\Topo50\Z11.gdb\dataset\INS_DIVERSA50_A 6950 "Instalación diversa/Otro"</Process><Process ToolSource="C:\Program Files (x86)\ArcGIS\Desktop10.0\ArcToolbox\Toolboxes\Data Management Tools.tbx\Append" Date="20130412" Time="113206">Append INS_DIVERSA50_A.shp D:\Compartir\E13B44\E13B44.gdb\dataset\INS_DIVERSA50_A NO_TEST "ENTIDAD "ENTIDAD" true true false 254 Text 0 0 ,First,#,INS_DIVERSA50_A.shp,ENTIDAD,-1,-1;CODIGO "CODIGO" true true false 254 Text 0 0 ,First,#,INS_DIVERSA50_A.shp,CODIGO,-1,-1;CALI_REPR "CALI_REPR" true true false 254 Text 0 0 ,First,#,INS_DIVERSA50_A.shp,CALI_REPR,-1,-1;GEOMETRIA "GEOMETRIA" true true false 254 Text 0 0 ,First,#,INS_DIVERSA50_A.shp,GEOMETRIA,-1,-1;NOMBRE "NOMBRE" true true false 254 Text 0 0 ,First,#,INS_DIVERSA50_A.shp,NOMBRE,-1,-1;TIPO "TIPO" true true false 254 Text 0 0 ,First,#,INS_DIVERSA50_A.shp,TIPO,-1,-1;DESCRIPCION "DESCRIPCION" true true false 2 Short 0 0 ,First,#;NO_CONSEC "NO_CONSEC" true true false 11 Text 0 0 ,First,#;Shape_Length "Shape_Length" false true true 8 Double 0 0 ,First,#;Shape_Area "Shape_Area" false true true 8 Double 0 0 ,First,#" #</Process></lineage><itemProps><itemName Sync="TRUE">INS_DIVERSA20_A</itemName><imsContentType Sync="TRUE">002</imsContentType><itemLocation><linkage Sync="TRUE">file://\\GEOIGB036720D\D$\GDB_Topo20k\I11D87f\I11D87f.gdb</linkage><protocol Sync="TRUE">Local Area Network</protocol></itemLocation></itemProps><coordRef><type Sync="TRUE">Projected</type><geogcsn Sync="TRUE">D_ITRF_1992</geogcsn><projcsn Sync="TRUE">UTM_Zone_11N_ITRF92</projcsn><peXml Sync="TRUE">&lt;ProjectedCoordinateSystem xsi:type='typens:ProjectedCoordinateSystem' xmlns:xsi='http://www.w3.org/2001/XMLSchema-instance' xmlns:xs='http://www.w3.org/2001/XMLSchema' xmlns:typens='http://www.esri.com/schemas/ArcGIS/10.0'&gt;&lt;WKT&gt;PROJCS[&amp;quot;UTM_Zone_11N_ITRF92&amp;quot;,GEOGCS[&amp;quot;D_ITRF_1992&amp;quot;,DATUM[&amp;quot;D_ITRF_1992&amp;quot;,SPHEROID[&amp;quot;GRS_1980&amp;quot;,6378137.0,298.257222101]],PRIMEM[&amp;quot;Greenwich&amp;quot;,0.0],UNIT[&amp;quot;Degree&amp;quot;,0.0174532925199433]],PROJECTION[&amp;quot;Transverse_Mercator&amp;quot;],PARAMETER[&amp;quot;False_Easting&amp;quot;,500000.0],PARAMETER[&amp;quot;False_Northing&amp;quot;,0.0],PARAMETER[&amp;quot;Central_Meridian&amp;quot;,-117.0],PARAMETER[&amp;quot;Scale_Factor&amp;quot;,0.9996],PARAMETER[&amp;quot;Latitude_Of_Origin&amp;quot;,0.0],UNIT[&amp;quot;Meter&amp;quot;,1.0]]&lt;/WKT&gt;&lt;XOrigin&gt;-5120900&lt;/XOrigin&gt;&lt;YOrigin&gt;-9998100&lt;/YOrigin&gt;&lt;XYScale&gt;199999999.99999997&lt;/XYScale&gt;&lt;ZOrigin&gt;-100000&lt;/ZOrigin&gt;&lt;ZScale&gt;10000&lt;/ZScale&gt;&lt;MOrigin&gt;-100000&lt;/MOrigin&gt;&lt;MScale&gt;10000&lt;/MScale&gt;&lt;XYTolerance&gt;1.0000000000000002e-008&lt;/XYTolerance&gt;&lt;ZTolerance&gt;0.001&lt;/ZTolerance&gt;&lt;MTolerance&gt;0.001&lt;/MTolerance&gt;&lt;HighPrecision&gt;true&lt;/HighPrecision&gt;&lt;/ProjectedCoordinateSystem&gt;</peXml></coordRef></DataProperties><ArcGISFormat>1.0</ArcGISFormat></Esri><idinfo><native Sync="TRUE">Microsoft Windows XP Version 5.1 (Build 2600) Service Pack 3; ESRI ArcCatalog 9.3.1.1850</native><descript><langdata Sync="TRUE">es</langdata><abstract>REQUIRED: A brief narrative summary of the data set.</abstract><purpose>REQUIRED: A summary of the intentions with which the data set was developed.</purpose></descript><citation><citeinfo><origin>REQUIRED: The name of an organization or individual that developed the data set.</origin><pubdate>REQUIRED: The date when the data set is published or otherwise made available for release.</pubdate><title Sync="TRUE">INS_DIVERSA20_A</title><ftname Sync="TRUE">INS_DIVERSA20_A</ftname><geoform Sync="TRUE">vector digital data</geoform><onlink Sync="TRUE">\\GEOIIG034534D\D$\TOPO20K\G14B84D\G14B84D.gdb</onlink></citeinfo></citation><timeperd><current>REQUIRED: The basis on which the time period of content information is determined.</current><timeinfo><sngdate><caldate>REQUIRED: The year (and optionally month, or month and day) for which the data set corresponds to the ground.</caldate></sngdate></timeinfo></timeperd><status><progress>REQUIRED: The state of the data set.</progress><update>REQUIRED: The frequency with which changes and additions are made to the data set after the initial data set is completed.</update></status><spdom><bounding><westbc Sync="TRUE">REQUIRED: Western-most coordinate of the limit of coverage expressed in longitude.</westbc><eastbc Sync="TRUE">REQUIRED: Eastern-most coordinate of the limit of coverage expressed in longitude.</eastbc><northbc Sync="TRUE">REQUIRED: Northern-most coordinate of the limit of coverage expressed in latitude.</northbc><southbc Sync="TRUE">REQUIRED: Southern-most coordinate of the limit of coverage expressed in latitude.</southbc></bounding></spdom><keywords><theme><themekt>REQUIRED: Reference to a formally registered thesaurus or a similar authoritative source of theme keywords.</themekt><themekey>REQUIRED: Common-use word or phrase used to describe the subject of the data set.</themekey></theme></keywords><accconst>REQUIRED: Restrictions and legal prerequisites for accessing the data set.</accconst><useconst>REQUIRED: Restrictions and legal prerequisites for using the data set after access is granted.</useconst><natvform Sync="TRUE">File Geodatabase Feature Class</natvform></idinfo><dataIdInfo><envirDesc Sync="TRUE">Microsoft Windows Server 2008 R2 Version 6.1 (Build 7601) Service Pack 1; ESRI ArcGIS 10.0.2.3200</envirDesc><dataLang><languageCode Sync="TRUE" value="spa" country="MEX"></languageCode></dataLang><idCitation><resTitle Sync="TRUE">INS_DIVERSA20_A</resTitle><presForm><PresFormCd value="005"></PresFormCd></presForm></idCitation><descKeys><thesaName uuidref="723f6998-058e-11dc-8314-0800200c9a66"></thesaName><keyword Sync="TRUE">002</keyword></descKeys><spatRpType><SpatRepTypCd value="001"></SpatRepTypCd></spatRpType></dataIdInfo><metainfo><langmeta Sync="TRUE">es</langmeta><metstdn Sync="TRUE">FGDC Content Standards for Digital Geospatial Metadata</metstdn><metstdv Sync="TRUE">FGDC-STD-001-1998</metstdv><mettc Sync="TRUE">local time</mettc><metc><cntinfo><cntorgp><cntper>REQUIRED: The person responsible for the metadata information.</cntper><cntorg>REQUIRED: The organization responsible for the metadata information.</cntorg></cntorgp><cntaddr><addrtype>REQUIRED: The mailing and/or physical address for the organization or individual.</addrtype><city>REQUIRED: The city of the address.</city><state>REQUIRED: The state or province of the address.</state><postal>REQUIRED: The ZIP or other postal code of the address.</postal></cntaddr><cntvoice>REQUIRED: The telephone number by which individuals can speak to the organization or individual.</cntvoice></cntinfo></metc><metd Sync="TRUE">20110322</metd></metainfo><mdLang><languageCode Sync="TRUE" value="spa"></languageCode></mdLang><mdStanName Sync="TRUE">ISO 19115 Geographic Information - Metadata</mdStanName><mdStanVer Sync="TRUE">DIS_ESRI1.0</mdStanVer><mdChar><CharSetCd Sync="TRUE" value="004"></CharSetCd></mdChar><mdHrLv><ScopeCd Sync="TRUE" value="005"></ScopeCd></mdHrLv><mdHrLvName Sync="TRUE">dataset</mdHrLvName><distinfo><resdesc Sync="TRUE">Downloadable Data</resdesc></distinfo><distInfo><distributor><distorTran><onLineSrc><orDesc Sync="TRUE">002</orDesc><linkage Sync="TRUE">file://\\GEOIIG034534D\D$\TOPO20K\G14B84D\G14B84D.gdb</linkage><protocol Sync="TRUE">Local Area Network</protocol></onLineSrc></distorTran><distorFormat><formatName Sync="TRUE">File Geodatabase Feature Class</formatName></distorFormat></distributor><distFormat><formatName Sync="TRUE">File Geodatabase Feature Class</formatName></distFormat></distInfo><spdoinfo><direct Sync="TRUE">Vector</direct><ptvctinf><esriterm Name="INS_DIVERSA20_A"><efeatyp Sync="TRUE">Simple</efeatyp><efeageom Sync="TRUE">4</efeageom><esritopo Sync="TRUE">FALSE</esritopo><efeacnt Sync="TRUE">0</efeacnt><spindex Sync="TRUE">TRUE</spindex><linrefer Sync="TRUE">FALSE</linrefer></esriterm></ptvctinf></spdoinfo><spatRepInfo><VectSpatRep><topLvl><TopoLevCd Sync="TRUE" value="001"></TopoLevCd></topLvl><geometObjs Name="INS_DIVERSA20_A"><geoObjTyp><GeoObjTypCd Sync="TRUE" value="002"></GeoObjTypCd><geoObjCnt Sync="TRUE">0</geoObjCnt></geoObjTyp><geoObjCnt Sync="TRUE">0</geoObjCnt></geometObjs></VectSpatRep></spatRepInfo><eainfo><detailed Name="INS_DIVERSA20_A"><enttyp><enttypl Sync="TRUE">INS_DIVERSA20_A</enttypl><enttypt Sync="TRUE">Feature Class</enttypt><enttypc Sync="TRUE">0</enttypc></enttyp><attr><attrlabl Sync="TRUE">OBJECTID</attrlabl><attalias Sync="TRUE">OBJECTID</attalias><attrtype Sync="TRUE">OID</attrtype><attwidth Sync="TRUE">4</attwidth><atprecis Sync="TRUE">0</atprecis><attscale Sync="TRUE">0</attscale><attrdef Sync="TRUE">Internal feature number.</attrdef><attrdefs Sync="TRUE">ESRI</attrdefs><attrdomv><udom Sync="TRUE">Sequential unique whole numbers that are automatically generated.</udom></attrdomv></attr><attr><attrlabl Sync="TRUE">Shape</attrlabl><attalias Sync="TRUE">Shape</attalias><attrtype Sync="TRUE">Geometry</attrtype><attwidth Sync="TRUE">0</attwidth><atprecis Sync="TRUE">0</atprecis><attscale Sync="TRUE">0</attscale><attrdef Sync="TRUE">Feature geometry.</attrdef><attrdefs Sync="TRUE">ESRI</attrdefs><attrdomv><udom Sync="TRUE">Coordinates defining the features.</udom></attrdomv></attr><attr><attrlabl Sync="TRUE">ENTIDAD</attrlabl><attalias Sync="TRUE">ENTIDAD</attalias><attrtype Sync="TRUE">String</attrtype><attwidth Sync="TRUE">254</attwidth><atprecis Sync="TRUE">0</atprecis><attscale Sync="TRUE">0</attscale></attr><attr><attrlabl Sync="TRUE">CODIGO</attrlabl><attalias Sync="TRUE">CODIGO</attalias><attrtype Sync="TRUE">String</attrtype><attwidth Sync="TRUE">254</attwidth><atprecis Sync="TRUE">0</atprecis><attscale Sync="TRUE">0</attscale></attr><attr><attrlabl Sync="TRUE">CALI_REPR</attrlabl><attalias Sync="TRUE">CALI_REPR</attalias><attrtype Sync="TRUE">String</attrtype><attwidth Sync="TRUE">254</attwidth><atprecis Sync="TRUE">0</atprecis><attscale Sync="TRUE">0</attscale></attr><attr><attrlabl Sync="TRUE">GEOMETRIA</attrlabl><attalias Sync="TRUE">GEOMETRIA</attalias><attrtype Sync="TRUE">String</attrtype><attwidth Sync="TRUE">254</attwidth><atprecis Sync="TRUE">0</atprecis><attscale Sync="TRUE">0</attscale></attr><attr><attrlabl Sync="TRUE">NOMBRE</attrlabl><attalias Sync="TRUE">NOMBRE</attalias><attrtype Sync="TRUE">String</attrtype><attwidth Sync="TRUE">254</attwidth><atprecis Sync="TRUE">0</atprecis><attscale Sync="TRUE">0</attscale></attr><attr><attrlabl Sync="TRUE">TIPO</attrlabl><attalias Sync="TRUE">TIPO</attalias><attrtype Sync="TRUE">String</attrtype><attwidth Sync="TRUE">254</attwidth><atprecis Sync="TRUE">0</atprecis><attscale Sync="TRUE">0</attscale></attr><attr><attrlabl Sync="TRUE">DESCRIPCION</attrlabl><attalias Sync="TRUE">DESCRIPCION</attalias><attrtype Sync="TRUE">SmallInteger</attrtype><attwidth Sync="TRUE">2</attwidth><atprecis Sync="TRUE">0</atprecis><attscale Sync="TRUE">0</attscale></attr><attr><attrlabl Sync="TRUE">NO_CONSEC</attrlabl><attalias Sync="TRUE">NO_CONSEC</attalias><attrtype Sync="TRUE">String</attrtype><attwidth Sync="TRUE">11</attwidth><atprecis Sync="TRUE">0</atprecis><attscale Sync="TRUE">0</attscale></attr><attr><attrlabl Sync="TRUE">Shape_Length</attrlabl><attalias Sync="TRUE">Shape_Length</attalias><attrtype Sync="TRUE">Double</attrtype><attwidth Sync="TRUE">8</attwidth><atprecis Sync="TRUE">0</atprecis><attscale Sync="TRUE">0</attscale><attrdef Sync="TRUE">Length of feature in internal units.</attrdef><attrdefs Sync="TRUE">ESRI</attrdefs><attrdomv><udom Sync="TRUE">Positive real numbers that are automatically generated.</udom></attrdomv></attr><attr><attrlabl Sync="TRUE">Shape_Area</attrlabl><attalias Sync="TRUE">Shape_Area</attalias><attrtype Sync="TRUE">Double</attrtype><attwidth Sync="TRUE">8</attwidth><atprecis Sync="TRUE">0</atprecis><attscale Sync="TRUE">0</attscale><attrdef Sync="TRUE">Area of feature in internal units squared.</attrdef><attrdefs Sync="TRUE">ESRI</attrdefs><attrdomv><udom Sync="TRUE">Positive real numbers that are automatically generated.</udom></attrdomv></attr><subtype><stname Sync="TRUE">Instalación diversa/Almacenes de depósito</stname><stcode Sync="TRUE">6941</stcode><stfield><stfldnm Sync="TRUE">ENTIDAD</stfldnm><stflddv Sync="TRUE">Instalación diversa</stflddv></stfield><stfield><stfldnm Sync="TRUE">CODIGO</stfldnm><stflddv Sync="TRUE">6941</stflddv></stfield><stfield><stfldnm Sync="TRUE">CALI_REPR</stfldnm><stflddv Sync="TRUE">Definida</stflddv></stfield><stfield><stfldnm Sync="TRUE">GEOMETRIA</stfldnm><stflddv Sync="TRUE">Área</stflddv></stfield><stfield><stfldnm Sync="TRUE">NOMBRE</stfldnm><stflddv Sync="TRUE">NINGUNO</stflddv></stfield><stfield><stfldnm Sync="TRUE">TIPO</stfldnm><stflddv Sync="TRUE">Almacenes de depósito</stflddv></stfield><stfield><stfldnm Sync="TRUE">DESCRIPCION</stfldnm><stflddv Sync="TRUE">6332</stflddv></stfield></subtype><subtype><stname Sync="TRUE">Instalación diversa/Centro de investigación</stname><stcode Sync="TRUE">6944</stcode><stfield><stfldnm Sync="TRUE">ENTIDAD</stfldnm><stflddv Sync="TRUE">Instalación diversa</stflddv></stfield><stfield><stfldnm Sync="TRUE">CODIGO</stfldnm><stflddv Sync="TRUE">6944</stflddv></stfield><stfield><stfldnm Sync="TRUE">CALI_REPR</stfldnm><stflddv Sync="TRUE">Definida</stflddv></stfield><stfield><stfldnm Sync="TRUE">GEOMETRIA</stfldnm><stflddv Sync="TRUE">Área</stflddv></stfield><stfield><stfldnm Sync="TRUE">NOMBRE</stfldnm><stflddv Sync="TRUE">NINGUNO</stflddv></stfield><stfield><stfldnm Sync="TRUE">TIPO</stfldnm><stflddv Sync="TRUE">Centro de investigación</stflddv></stfield><stfield><stfldnm Sync="TRUE">DESCRIPCION</stfldnm><stflddv Sync="TRUE">6332</stflddv></stfield></subtype><subtype><stname Sync="TRUE">Instalación diversa/Otro</stname><stcode Sync="TRUE">6950</stcode><stfield><stfldnm Sync="TRUE">ENTIDAD</stfldnm><stflddv Sync="TRUE">Instalación diversa</stflddv></stfield><stfield><stfldnm Sync="TRUE">CODIGO</stfldnm><stflddv Sync="TRUE">6950</stflddv></stfield><stfield><stfldnm Sync="TRUE">CALI_REPR</stfldnm><stflddv Sync="TRUE">Definida</stflddv></stfield><stfield><stfldnm Sync="TRUE">GEOMETRIA</stfldnm><stflddv Sync="TRUE">Área</stflddv></stfield><stfield><stfldnm Sync="TRUE">NOMBRE</stfldnm><stflddv Sync="TRUE">NINGUNO</stflddv></stfield><stfield><stfldnm Sync="TRUE">TIPO</stfldnm><stflddv Sync="TRUE">Otro</stflddv></stfield><stfield><stfldnm Sync="TRUE">DESCRIPCION</stfldnm><stflddv Sync="TRUE">6332</stflddv></stfield></subtype><subtype><stname Sync="TRUE">Instalación diversa/Centro comercial</stname><stcode Sync="TRUE">6951</stcode><stfield><stfldnm Sync="TRUE">ENTIDAD</stfldnm><stflddv Sync="TRUE">Instalación diversa</stflddv></stfield><stfield><stfldnm Sync="TRUE">CODIGO</stfldnm><stflddv Sync="TRUE">6951</stflddv></stfield><stfield><stfldnm Sync="TRUE">CALI_REPR</stfldnm><stflddv Sync="TRUE">Definida</stflddv></stfield><stfield><stfldnm Sync="TRUE">GEOMETRIA</stfldnm><stflddv Sync="TRUE">Área</stflddv></stfield><stfield><stfldnm Sync="TRUE">NOMBRE</stfldnm><stflddv Sync="TRUE">NINGUNO</stflddv></stfield><stfield><stfldnm Sync="TRUE">TIPO</stfldnm><stflddv Sync="TRUE">Centro comercial</stflddv></stfield><stfield><stfldnm Sync="TRUE">DESCRIPCION</stfldnm><stflddv Sync="TRUE">6332</stflddv></stfield></subtype><subtype><stname Sync="TRUE">Instalación diversa/Centro de abasto</stname><stcode Sync="TRUE">6952</stcode><stfield><stfldnm Sync="TRUE">ENTIDAD</stfldnm><stflddv Sync="TRUE">Instalación diversa</stflddv></stfield><stfield><stfldnm Sync="TRUE">CODIGO</stfldnm><stflddv Sync="TRUE">6952</stflddv></stfield><stfield><stfldnm Sync="TRUE">CALI_REPR</stfldnm><stflddv Sync="TRUE">Definida</stflddv></stfield><stfield><stfldnm Sync="TRUE">GEOMETRIA</stfldnm><stflddv Sync="TRUE">Área</stflddv></stfield><stfield><stfldnm Sync="TRUE">NOMBRE</stfldnm><stflddv Sync="TRUE">NINGUNO</stflddv></stfield><stfield><stfldnm Sync="TRUE">TIPO</stfldnm><stflddv Sync="TRUE">Centro de abasto</stflddv></stfield><stfield><stfldnm Sync="TRUE">DESCRIPCION</stfldnm><stflddv Sync="TRUE">6332</stflddv></stfield></subtype><subtype><stname Sync="TRUE">Instalación diversa/Invernadero</stname><stcode Sync="TRUE">6953</stcode><stfield><stfldnm Sync="TRUE">ENTIDAD</stfldnm><stflddv Sync="TRUE">Instalación diversa</stflddv></stfield><stfield><stfldnm Sync="TRUE">CODIGO</stfldnm><stflddv Sync="TRUE">6953</stflddv></stfield><stfield><stfldnm Sync="TRUE">CALI_REPR</stfldnm><stflddv Sync="TRUE">Definida</stflddv></stfield><stfield><stfldnm Sync="TRUE">GEOMETRIA</stfldnm><stflddv Sync="TRUE">Área</stflddv></stfield><stfield><stfldnm Sync="TRUE">NOMBRE</stfldnm><stflddv Sync="TRUE">NINGUNO</stflddv></stfield><stfield><stfldnm Sync="TRUE">TIPO</stfldnm><stflddv Sync="TRUE">Invernadero</stflddv></stfield><stfield><stfldnm Sync="TRUE">DESCRIPCION</stfldnm><stflddv Sync="TRUE">6332</stflddv></stfield></subtype><subtype><stname Sync="TRUE">Instalación diversa/Jardín botánico</stname><stcode Sync="TRUE">6954</stcode><stfield><stfldnm Sync="TRUE">ENTIDAD</stfldnm><stflddv Sync="TRUE">Instalación diversa</stflddv></stfield><stfield><stfldnm Sync="TRUE">CODIGO</stfldnm><stflddv Sync="TRUE">6954</stflddv></stfield><stfield><stfldnm Sync="TRUE">CALI_REPR</stfldnm><stflddv Sync="TRUE">Definida</stflddv></stfield><stfield><stfldnm Sync="TRUE">GEOMETRIA</stfldnm><stflddv Sync="TRUE">Área</stflddv></stfield><stfield><stfldnm Sync="TRUE">NOMBRE</stfldnm><stflddv Sync="TRUE">NINGUNO</stflddv></stfield><stfield><stfldnm Sync="TRUE">TIPO</stfldnm><stflddv Sync="TRUE">Jardín botánico</stflddv></stfield><stfield><stfldnm Sync="TRUE">DESCRIPCION</stfldnm><stflddv Sync="TRUE">6332</stflddv></stfield></subtype><subtype><stname Sync="TRUE">Instalación diversa/Observatorio astronómico</stname><stcode Sync="TRUE">6332</stcode><stfield><stfldnm Sync="TRUE">ENTIDAD</stfldnm><stflddv Sync="TRUE">Instalación diversa</stflddv></stfield><stfield><stfldnm Sync="TRUE">CODIGO</stfldnm><stflddv Sync="TRUE">6332</stflddv></stfield><stfield><stfldnm Sync="TRUE">CALI_REPR</stfldnm><stflddv Sync="TRUE">Definida</stflddv></stfield><stfield><stfldnm Sync="TRUE">GEOMETRIA</stfldnm><stflddv Sync="TRUE">Área</stflddv></stfield><stfield><stfldnm Sync="TRUE">NOMBRE</stfldnm><stflddv Sync="TRUE">NINGUNO</stflddv></stfield><stfield><stfldnm Sync="TRUE">TIPO</stfldnm><stflddv Sync="TRUE">Observatorio astronómico</stflddv></stfield><stfield><stfldnm Sync="TRUE">DESCRIPCION</stfldnm><stflddv Sync="TRUE">6332</stflddv></stfield></subtype><subtype><stname Sync="TRUE">Instalación diversa/Mercado</stname><stcode Sync="TRUE">6955</stcode><stfield><stfldnm Sync="TRUE">ENTIDAD</stfldnm><stflddv Sync="TRUE">Instalación diversa</stflddv></stfield><stfield><stfldnm Sync="TRUE">CODIGO</stfldnm><stflddv Sync="TRUE">6955</stflddv></stfield><stfield><stfldnm Sync="TRUE">CALI_REPR</stfldnm><stflddv Sync="TRUE">Definida</stflddv></stfield><stfield><stfldnm Sync="TRUE">GEOMETRIA</stfldnm><stflddv Sync="TRUE">Área</stflddv></stfield><stfield><stfldnm Sync="TRUE">NOMBRE</stfldnm><stflddv Sync="TRUE">NINGUNO</stflddv></stfield><stfield><stfldnm Sync="TRUE">TIPO</stfldnm><stflddv Sync="TRUE">Mercado</stflddv></stfield><stfield><stfldnm Sync="TRUE">DESCRIPCION</stfldnm><stflddv Sync="TRUE">6332</stflddv></stfield></subtype></detailed></eainfo><mdDateSt Sync="TRUE">20111130</mdDateSt><spref><horizsys><cordsysn><geogcsn Sync="TRUE">ITRF_1992</geogcsn><projcsn Sync="TRUE">ITRF_1992_UTM_Zone_14N</projcsn></cordsysn><planar><planci><plance Sync="TRUE">coordinate pair</plance><plandu Sync="TRUE">meters</plandu><coordrep><absres Sync="TRUE">0.000000</absres><ordres Sync="TRUE">0.000000</ordres></coordrep></planci></planar><geodetic><horizdn Sync="TRUE">D_ITRF_1992</horizdn><ellips Sync="TRUE">Geodetic Reference System 80</ellips><semiaxis Sync="TRUE">6378137.000000</semiaxis><denflat Sync="TRUE">298.257222</denflat></geodetic></horizsys><vertdef><altsys><altenc Sync="TRUE">Explicit elevation coordinate included with horizontal coordinates</altenc><altres Sync="TRUE">1.000000</altres></altsys></vertdef></spref><refSysInfo><RefSystem><refSysID><identCode Sync="TRUE" code="0">ITRF_1992_UTM_Zone_14N</identCode></refSysID></RefSystem></refSysInfo></metadata>
