<?xml version="1.0" encoding="UTF-8"?>
<metadata xml:lang="es"><Esri><CreaDate>20131018</CreaDate><CreaTime>13583300</CreaTime><ArcGISFormat>1.0</ArcGISFormat><SyncOnce>TRUE</SyncOnce><DataProperties><lineage><Process ToolSource="C:\Program Files (x86)\ArcGIS\Desktop10.0\ArcToolbox\Toolboxes\Data Management Tools.tbx\AddSubtype" Date="20130131" Time="094349">AddSubtype D:\Topo50\Z11.gdb\dataset\INS_COMUNICA50_P 411 "INSTALACIÓN DE COMUNICACIÓN/ANTENA DE RADIO"</Process><Process ToolSource="C:\Program Files (x86)\ArcGIS\Desktop10.0\ArcToolbox\Toolboxes\Data Management Tools.tbx\AddSubtype" Date="20130131" Time="094352">AddSubtype D:\Topo50\Z11.gdb\dataset\INS_COMUNICA50_P 412 "INSTALACIÓN DE COMUNICACIÓN/ANTENA DE TELEVISIÓN"</Process><Process ToolSource="C:\Program Files (x86)\ArcGIS\Desktop10.0\ArcToolbox\Toolboxes\Data Management Tools.tbx\AddSubtype" Date="20130131" Time="094354">AddSubtype D:\Topo50\Z11.gdb\dataset\INS_COMUNICA50_P 413 "INSTALACIÓN DE COMUNICACIÓN/ANTENA DE MICROONDAS DE TELEFONÍA"</Process><Process ToolSource="C:\Program Files (x86)\ArcGIS\Desktop10.0\ArcToolbox\Toolboxes\Data Management Tools.tbx\AddSubtype" Date="20130131" Time="094357">AddSubtype D:\Topo50\Z11.gdb\dataset\INS_COMUNICA50_P 414 "INSTALACIÓN DE COMUNICACIÓN/ESTACIÓN TERRESTRE DE TELECOMUNICACIONES"</Process><Process ToolSource="C:\Program Files (x86)\ArcGIS\Desktop10.0\ArcToolbox\Toolboxes\Data Management Tools.tbx\AddSubtype" Date="20130131" Time="094359">AddSubtype D:\Topo50\Z11.gdb\dataset\INS_COMUNICA50_P 415 "INSTALACIÓN DE COMUNICACIÓN/TORRE DE MICROONDAS"</Process><Process ToolSource="C:\Program Files (x86)\ArcGIS\Desktop10.0\ArcToolbox\Toolboxes\Data Management Tools.tbx\AddSubtype" Date="20130131" Time="094401">AddSubtype D:\Topo50\Z11.gdb\dataset\INS_COMUNICA50_P 416 "INSTALACIÓN DE COMUNICACIÓN/REPETIDORA DE FIBRA ÓPTICA"</Process><Process ToolSource="C:\Program Files (x86)\ArcGIS\Desktop10.0\ArcToolbox\Toolboxes\Data Management Tools.tbx\AddSubtype" Date="20130131" Time="094404">AddSubtype D:\Topo50\Z11.gdb\dataset\INS_COMUNICA50_P 417 "INSTALACIÓN DE COMUNICACIÓN/OTRO"</Process><Process ToolSource="C:\Program Files (x86)\ArcGIS\Desktop10.0\ArcToolbox\Toolboxes\Data Management Tools.tbx\AddSubtype" Date="20130212" Time="090316">AddSubtype D:\Topo50\Z11.gdb\dataset\INS_COMUNICA50_P 411 "Instalación de comunicación/Antena de radio"</Process><Process ToolSource="C:\Program Files (x86)\ArcGIS\Desktop10.0\ArcToolbox\Toolboxes\Data Management Tools.tbx\AddSubtype" Date="20130212" Time="090319">AddSubtype D:\Topo50\Z11.gdb\dataset\INS_COMUNICA50_P 412 "Instalación de comunicación/Antena de televisión"</Process><Process ToolSource="C:\Program Files (x86)\ArcGIS\Desktop10.0\ArcToolbox\Toolboxes\Data Management Tools.tbx\AddSubtype" Date="20130212" Time="090322">AddSubtype D:\Topo50\Z11.gdb\dataset\INS_COMUNICA50_P 413 "Instalación de comunicación/Antena de microondas de telefonía"</Process><Process ToolSource="C:\Program Files (x86)\ArcGIS\Desktop10.0\ArcToolbox\Toolboxes\Data Management Tools.tbx\AddSubtype" Date="20130212" Time="090325">AddSubtype D:\Topo50\Z11.gdb\dataset\INS_COMUNICA50_P 414 "Instalación de comunicación/Estación terrestre de telecomunicaciones"</Process><Process ToolSource="C:\Program Files (x86)\ArcGIS\Desktop10.0\ArcToolbox\Toolboxes\Data Management Tools.tbx\AddSubtype" Date="20130212" Time="090328">AddSubtype D:\Topo50\Z11.gdb\dataset\INS_COMUNICA50_P 415 "Instalación de comunicación/Torre de microondas"</Process><Process ToolSource="C:\Program Files (x86)\ArcGIS\Desktop10.0\ArcToolbox\Toolboxes\Data Management Tools.tbx\AddSubtype" Date="20130212" Time="090331">AddSubtype D:\Topo50\Z11.gdb\dataset\INS_COMUNICA50_P 416 "Instalación de comunicación/Repetidora de fibra óptica"</Process><Process ToolSource="C:\Program Files (x86)\ArcGIS\Desktop10.0\ArcToolbox\Toolboxes\Data Management Tools.tbx\AddSubtype" Date="20130212" Time="090333">AddSubtype D:\Topo50\Z11.gdb\dataset\INS_COMUNICA50_P 417 "Instalación de comunicación/Otro"</Process><Process ToolSource="C:\Program Files (x86)\ArcGIS\Desktop10.0\ArcToolbox\Toolboxes\Data Management Tools.tbx\Append" Date="20130412" Time="114301">Append INS_COMUNICA50_P.shp D:\Compartir\E13B44\E13B44.gdb\dataset\INS_COMUNICA50_P NO_TEST "ENTIDAD "ENTIDAD" true true false 254 Text 0 0 ,First,#,INS_COMUNICA50_P.shp,ENTIDAD,-1,-1;CODIGO "CODIGO" true true false 254 Text 0 0 ,First,#,INS_COMUNICA50_P.shp,CODIGO,-1,-1;CALI_REPR "CALI_REPR" true true false 254 Text 0 0 ,First,#,INS_COMUNICA50_P.shp,CALI_REPR,-1,-1;GEOMETRIA "GEOMETRIA" true true false 254 Text 0 0 ,First,#,INS_COMUNICA50_P.shp,GEOMETRIA,-1,-1;TIPO "TIPO" true true false 254 Text 0 0 ,First,#,INS_COMUNICA50_P.shp,TIPO,-1,-1;NOMBRE "NOMBRE" true true false 254 Text 0 0 ,First,#,INS_COMUNICA50_P.shp,NOMBRE,-1,-1;DESCRIPCION "DESCRIPCION" true true false 2 Short 0 0 ,First,#;NO_CONSEC "NO_CONSEC" true true false 11 Text 0 0 ,First,#" #</Process></lineage></DataProperties></Esri></metadata>
