<?xml version="1.0" encoding="UTF-8"?>
<metadata xml:lang="es"><Esri><CreaDate>20131018</CreaDate><CreaTime>13583500</CreaTime><ArcGISFormat>1.0</ArcGISFormat><SyncOnce>TRUE</SyncOnce><DataProperties><lineage><Process ToolSource="C:\Program Files (x86)\ArcGIS\Desktop10.0\ArcToolbox\Toolboxes\Data Management Tools.tbx\AddSubtype" Date="20130212" Time="090529">AddSubtype D:\Topo50\Z11.gdb\dataset\LINEA_COMUNICA50_L 3491 "Línea de comunicación/Telefónica/Aéreo/En operación"</Process><Process ToolSource="C:\Program Files (x86)\ArcGIS\Desktop10.0\ArcToolbox\Toolboxes\Data Management Tools.tbx\AddSubtype" Date="20130212" Time="090532">AddSubtype D:\Topo50\Z11.gdb\dataset\LINEA_COMUNICA50_L 3492 "Línea de comunicación/Telegráfica/Aéreo/En operación"</Process><Process ToolSource="C:\Program Files (x86)\ArcGIS\Desktop10.0\ArcToolbox\Toolboxes\Data Management Tools.tbx\AddSubtype" Date="20130212" Time="090535">AddSubtype D:\Topo50\Z11.gdb\dataset\LINEA_COMUNICA50_L 3494 "Línea de comunicación/Telefónica/Aéreo/Fuera de uso"</Process><Process ToolSource="C:\Program Files (x86)\ArcGIS\Desktop10.0\ArcToolbox\Toolboxes\Data Management Tools.tbx\AddSubtype" Date="20130212" Time="090538">AddSubtype D:\Topo50\Z11.gdb\dataset\LINEA_COMUNICA50_L 3495 "Línea de comunicación/Telegráfica/Aéreo/Fuera de uso"</Process><Process ToolSource="C:\Program Files (x86)\ArcGIS\Desktop10.0\ArcToolbox\Toolboxes\Data Management Tools.tbx\AddSubtype" Date="20130212" Time="090540">AddSubtype D:\Topo50\Z11.gdb\dataset\LINEA_COMUNICA50_L 3496 "Línea de comunicación/Telefónica/Subterráneo/En operación"</Process><Process ToolSource="C:\Program Files (x86)\ArcGIS\Desktop10.0\ArcToolbox\Toolboxes\Data Management Tools.tbx\AddSubtype" Date="20130212" Time="090543">AddSubtype D:\Topo50\Z11.gdb\dataset\LINEA_COMUNICA50_L 3497 "Línea de comunicación/Telefónica/Subterráneo/Fuera de uso"</Process><Process ToolSource="C:\Program Files (x86)\ArcGIS\Desktop10.0\ArcToolbox\Toolboxes\Data Management Tools.tbx\AddSubtype" Date="20130212" Time="090546">AddSubtype D:\Topo50\Z11.gdb\dataset\LINEA_COMUNICA50_L 3498 "Línea de comunicación/ N/A / N/A /En construcción"</Process><Process ToolSource="C:\Program Files (x86)\ArcGIS\Desktop10.0\ArcToolbox\Toolboxes\Data Management Tools.tbx\Append" Date="20130412" Time="114732">Append LINEA_COMUNICA50_L.shp D:\Compartir\E13B44\E13B44.gdb\dataset\LINEA_COMUNICA50_L NO_TEST "ENTIDAD "ENTIDAD" true true false 254 Text 0 0 ,First,#,LINEA_COMUNICA50_L.shp,ENTIDAD,-1,-1;CODIGO "CODIGO" true true false 254 Text 0 0 ,First,#,LINEA_COMUNICA50_L.shp,CODIGO,-1,-1;CALI_REPR "CALI_REPR" true true false 254 Text 0 0 ,First,#,LINEA_COMUNICA50_L.shp,CALI_REPR,-1,-1;GEOMETRIA "GEOMETRIA" true true false 254 Text 0 0 ,First,#,LINEA_COMUNICA50_L.shp,GEOMETRIA,-1,-1;CONDICION "CONDICION" true true false 254 Text 0 0 ,First,#,LINEA_COMUNICA50_L.shp,CONDICION,-1,-1;TIPO "TIPO" true true false 254 Text 0 0 ,First,#,LINEA_COMUNICA50_L.shp,TIPO,-1,-1;RELA_SUELO "RELA_SUELO" true true false 254 Text 0 0 ,First,#,LINEA_COMUNICA50_L.shp,RELA_SUELO,-1,-1;DESCRIPCION "DESCRIPCION" true true false 2 Short 0 0 ,First,#;NO_CONSEC "NO_CONSEC" true true false 11 Text 0 0 ,First,#;SHAPE_Length "SHAPE_Length" false true true 8 Double 0 0 ,First,#" #</Process></lineage></DataProperties></Esri></metadata>
