<?xml version="1.0" encoding="UTF-8"?>
<metadata xml:lang="es"><Esri><CreaDate>20131018</CreaDate><CreaTime>13583400</CreaTime><ArcGISFormat>1.0</ArcGISFormat><SyncOnce>TRUE</SyncOnce><DataProperties><lineage><Process ToolSource="C:\Program Files (x86)\ArcGIS\Desktop10.0\ArcToolbox\Toolboxes\Data Management Tools.tbx\AddSubtype" Date="20130131" Time="094658">AddSubtype D:\Topo50\Z11.gdb\dataset\PISTA_AVIACI50_L 3641 "PISTA DE AVIACIÓN/TERRACERÍA/EN OPERACIÓN"</Process><Process ToolSource="C:\Program Files (x86)\ArcGIS\Desktop10.0\ArcToolbox\Toolboxes\Data Management Tools.tbx\AddSubtype" Date="20130131" Time="094700">AddSubtype D:\Topo50\Z11.gdb\dataset\PISTA_AVIACI50_L 3643 "PISTA DE AVIACIÓN/PAVIMENTADA/EN OPERACIÓN"</Process><Process ToolSource="C:\Program Files (x86)\ArcGIS\Desktop10.0\ArcToolbox\Toolboxes\Data Management Tools.tbx\AddSubtype" Date="20130131" Time="094702">AddSubtype D:\Topo50\Z11.gdb\dataset\PISTA_AVIACI50_L 3646 "PISTA DE AVIACIÓN/ N/A /EN CONSTRUCCIÓN"</Process><Process ToolSource="C:\Program Files (x86)\ArcGIS\Desktop10.0\ArcToolbox\Toolboxes\Data Management Tools.tbx\AddSubtype" Date="20130131" Time="094705">AddSubtype D:\Topo50\Z11.gdb\dataset\PISTA_AVIACI50_L 3647 "PISTA DE AVIACIÓN/ N/A /FUERA DE USO"</Process><Process ToolSource="C:\Program Files (x86)\ArcGIS\Desktop10.0\ArcToolbox\Toolboxes\Data Management Tools.tbx\AddSubtype" Date="20130212" Time="090654">AddSubtype D:\Topo50\Z11.gdb\dataset\PISTA_AVIACI50_L 3641 "Pista de aviación/Terracería/En operación"</Process><Process ToolSource="C:\Program Files (x86)\ArcGIS\Desktop10.0\ArcToolbox\Toolboxes\Data Management Tools.tbx\AddSubtype" Date="20130212" Time="090656">AddSubtype D:\Topo50\Z11.gdb\dataset\PISTA_AVIACI50_L 3643 "Pista de aviación/Pavimentada/En operación"</Process><Process ToolSource="C:\Program Files (x86)\ArcGIS\Desktop10.0\ArcToolbox\Toolboxes\Data Management Tools.tbx\AddSubtype" Date="20130212" Time="090659">AddSubtype D:\Topo50\Z11.gdb\dataset\PISTA_AVIACI50_L 3646 "Pista de aviación/ N/A /En construcción"</Process><Process ToolSource="C:\Program Files (x86)\ArcGIS\Desktop10.0\ArcToolbox\Toolboxes\Data Management Tools.tbx\AddSubtype" Date="20130212" Time="090701">AddSubtype D:\Topo50\Z11.gdb\dataset\PISTA_AVIACI50_L 3647 "Pista de aviación/ N/A /Fuera de uso"</Process><Process ToolSource="C:\Program Files (x86)\ArcGIS\Desktop10.0\ArcToolbox\Toolboxes\Data Management Tools.tbx\Append" Date="20130412" Time="114430">Append PISTA_AVIACI50_L.shp D:\Compartir\E13B44\E13B44.gdb\dataset\PISTA_AVIACI50_L NO_TEST "ENTIDAD "ENTIDAD" true true false 254 Text 0 0 ,First,#,PISTA_AVIACI50_L.shp,ENTIDAD,-1,-1;CODIGO "CODIGO" true true false 254 Text 0 0 ,First,#,PISTA_AVIACI50_L.shp,CODIGO,-1,-1;CALI_REPR "CALI_REPR" true true false 254 Text 0 0 ,First,#,PISTA_AVIACI50_L.shp,CALI_REPR,-1,-1;GEOMETRIA "GEOMETRIA" true true false 254 Text 0 0 ,First,#,PISTA_AVIACI50_L.shp,GEOMETRIA,-1,-1;CONDICION "CONDICION" true true false 254 Text 0 0 ,First,#,PISTA_AVIACI50_L.shp,CONDICION,-1,-1;TIPO "TIPO" true true false 254 Text 0 0 ,First,#,PISTA_AVIACI50_L.shp,TIPO,-1,-1;NOMBRE "NOMBRE" true true false 254 Text 0 0 ,First,#,PISTA_AVIACI50_L.shp,NOMBRE,-1,-1;DESCRIPCION "DESCRIPCION" true true false 2 Short 0 0 ,First,#;NO_CONSEC "NO_CONSEC" true true false 11 Text 0 0 ,First,#;SHAPE_Length "SHAPE_Length" false true true 8 Double 0 0 ,First,#" #</Process></lineage></DataProperties></Esri></metadata>
