<?xml version="1.0" encoding="UTF-8"?>
<metadata xml:lang="es"><Esri><CreaDate>20150226</CreaDate><CreaTime>21033100</CreaTime><ArcGISFormat>1.0</ArcGISFormat><SyncOnce>TRUE</SyncOnce><DataProperties><lineage><Process ToolSource="c:\program files (x86)\arcgis\desktop10.3\ArcToolbox\Toolboxes\Data Management Tools.tbx\Project" Date="20150226" Time="210331">Project D:\Exportacion\VistaShp\CORRIENTE_DE50_P.shp D:\Exportacion\ShpIntegrar\CORRIENTE_DE50_P.shp PROJCS['ITRF_1992_UTM_Zone_13N',GEOGCS['ITRF_1992',DATUM['D_ITRF_1992',SPHEROID['GRS_1980',6378137.0,298.257222101]],PRIMEM['Greenwich',0.0],UNIT['Degree',0.0174532925199433]],PROJECTION['Transverse_Mercator'],PARAMETER['False_Easting',500000.0],PARAMETER['False_Northing',0.0],PARAMETER['Central_Meridian',-105.0],PARAMETER['Scale_Factor',0.9996],PARAMETER['Latitude_Of_Origin',0.0],UNIT['Meter',1.0]] # GEOGCS['ITRF_1992',DATUM['D_ITRF_1992',SPHEROID['GRS_1980',6378137.0,298.257222101]],PRIMEM['Greenwich',0.0],UNIT['Degree',0.0174532925199433]] NO_PRESERVE_SHAPE #</Process></lineage></DataProperties></Esri></metadata>
