<?xml version="1.0" encoding="UTF-8"?>
<metadata xml:lang="es"><Esri><CreaDate>20131127</CreaDate><CreaTime>09051100</CreaTime><ArcGISFormat>1.0</ArcGISFormat><SyncOnce>TRUE</SyncOnce><DataProperties><lineage><Process ToolSource="C:\Program Files (x86)\ArcGIS\Desktop10.0\ArcToolbox\Toolboxes\Data Management Tools.tbx\AddSubtype" Date="20130131" Time="094118">AddSubtype D:\Topo50\Z11.gdb\dataset\CONDUCTO50_L 3261 "CONDUCTO/SUBTERRÁNEO/PEMEX/UN CONDUCTO/EN OPERACIÓN"</Process><Process ToolSource="C:\Program Files (x86)\ArcGIS\Desktop10.0\ArcToolbox\Toolboxes\Data Management Tools.tbx\AddSubtype" Date="20130131" Time="094120">AddSubtype D:\Topo50\Z11.gdb\dataset\CONDUCTO50_L 3262 "CONDUCTO/SUPERFICIAL/PEMEX/UN CONDUCTO/EN OPERACIÓN"</Process><Process ToolSource="C:\Program Files (x86)\ArcGIS\Desktop10.0\ArcToolbox\Toolboxes\Data Management Tools.tbx\AddSubtype" Date="20130131" Time="094122">AddSubtype D:\Topo50\Z11.gdb\dataset\CONDUCTO50_L 3263 "CONDUCTO/SUBTERRÁNEO/OTRO/UN CONDUCTO/EN OPERACIÓN"</Process><Process ToolSource="C:\Program Files (x86)\ArcGIS\Desktop10.0\ArcToolbox\Toolboxes\Data Management Tools.tbx\AddSubtype" Date="20130131" Time="094125">AddSubtype D:\Topo50\Z11.gdb\dataset\CONDUCTO50_L 3264 "CONDUCTO/SUPERFICIAL/OTRO/UN CONDUCTO/EN OPERACIÓN"</Process><Process ToolSource="C:\Program Files (x86)\ArcGIS\Desktop10.0\ArcToolbox\Toolboxes\Data Management Tools.tbx\AddSubtype" Date="20130131" Time="094127">AddSubtype D:\Topo50\Z11.gdb\dataset\CONDUCTO50_L 3265 "CONDUCTO/SUBTERRÁNEO/PEMEX/DOS CONDUCTOS/EN OPERACIÓN"</Process><Process ToolSource="C:\Program Files (x86)\ArcGIS\Desktop10.0\ArcToolbox\Toolboxes\Data Management Tools.tbx\AddSubtype" Date="20130131" Time="094129">AddSubtype D:\Topo50\Z11.gdb\dataset\CONDUCTO50_L 3266 "CONDUCTO/SUPERFICIAL/PEMEX/DOS CONDUCTOS/EN OPERACIÓN"</Process><Process ToolSource="C:\Program Files (x86)\ArcGIS\Desktop10.0\ArcToolbox\Toolboxes\Data Management Tools.tbx\AddSubtype" Date="20130131" Time="094131">AddSubtype D:\Topo50\Z11.gdb\dataset\CONDUCTO50_L 3267 "CONDUCTO/SUBTERRÁNEO/PEMEX/TRES CONDUCTOS/EN OPERACIÓN"</Process><Process ToolSource="C:\Program Files (x86)\ArcGIS\Desktop10.0\ArcToolbox\Toolboxes\Data Management Tools.tbx\AddSubtype" Date="20130131" Time="094134">AddSubtype D:\Topo50\Z11.gdb\dataset\CONDUCTO50_L 3268 "CONDUCTO/SUPERFICIAL/PEMEX/TRES CONDUCTOS/EN OPERACIÓN"</Process><Process ToolSource="C:\Program Files (x86)\ArcGIS\Desktop10.0\ArcToolbox\Toolboxes\Data Management Tools.tbx\AddSubtype" Date="20130131" Time="094136">AddSubtype D:\Topo50\Z11.gdb\dataset\CONDUCTO50_L 3911 "CONDUCTO/SUBTERRÁNEO/OTRO/DOS CONDUCTOS/EN OPERACIÓN"</Process><Process ToolSource="C:\Program Files (x86)\ArcGIS\Desktop10.0\ArcToolbox\Toolboxes\Data Management Tools.tbx\AddSubtype" Date="20130131" Time="094138">AddSubtype D:\Topo50\Z11.gdb\dataset\CONDUCTO50_L 3912 "CONDUCTO/SUPERFICIAL/OTRO/DOS CONDUCTOS/EN OPERACIÓN"</Process><Process ToolSource="C:\Program Files (x86)\ArcGIS\Desktop10.0\ArcToolbox\Toolboxes\Data Management Tools.tbx\AddSubtype" Date="20130131" Time="094140">AddSubtype D:\Topo50\Z11.gdb\dataset\CONDUCTO50_L 3913 "CONDUCTO/SUBTERRÁNEO/OTRO/TRES CONDUCTOS/EN OPERACIÓN"</Process><Process ToolSource="C:\Program Files (x86)\ArcGIS\Desktop10.0\ArcToolbox\Toolboxes\Data Management Tools.tbx\AddSubtype" Date="20130131" Time="094143">AddSubtype D:\Topo50\Z11.gdb\dataset\CONDUCTO50_L 3914 "CONDUCTO/SUPERFICIAL/OTRO/TRES CONDUCTOS/EN OPERACIÓN"</Process><Process ToolSource="C:\Program Files (x86)\ArcGIS\Desktop10.0\ArcToolbox\Toolboxes\Data Management Tools.tbx\AddSubtype" Date="20130131" Time="094145">AddSubtype D:\Topo50\Z11.gdb\dataset\CONDUCTO50_L 3915 "CONDUCTO/SUBTERRÁNEO/PEMEX/UN CONDUCTO/FUERA DE USO"</Process><Process ToolSource="C:\Program Files (x86)\ArcGIS\Desktop10.0\ArcToolbox\Toolboxes\Data Management Tools.tbx\AddSubtype" Date="20130131" Time="094147">AddSubtype D:\Topo50\Z11.gdb\dataset\CONDUCTO50_L 3916 "CONDUCTO/SUPERFICIAL/PEMEX/UN CONDUCTO/FUERA DE USO"</Process><Process ToolSource="C:\Program Files (x86)\ArcGIS\Desktop10.0\ArcToolbox\Toolboxes\Data Management Tools.tbx\AddSubtype" Date="20130131" Time="094150">AddSubtype D:\Topo50\Z11.gdb\dataset\CONDUCTO50_L 3917 "CONDUCTO/SUBTERRÁNEO/PEMEX/DOS CONDUCTOS/FUERA DE USO"</Process><Process ToolSource="C:\Program Files (x86)\ArcGIS\Desktop10.0\ArcToolbox\Toolboxes\Data Management Tools.tbx\AddSubtype" Date="20130131" Time="094152">AddSubtype D:\Topo50\Z11.gdb\dataset\CONDUCTO50_L 3918 "CONDUCTO/SUPERFICIAL/PEMEX/DOS CONDUCTOS/FUERA DE USO"</Process><Process ToolSource="C:\Program Files (x86)\ArcGIS\Desktop10.0\ArcToolbox\Toolboxes\Data Management Tools.tbx\AddSubtype" Date="20130131" Time="094154">AddSubtype D:\Topo50\Z11.gdb\dataset\CONDUCTO50_L 3919 "CONDUCTO/SUBTERRÁNEO/PEMEX/TRES CONDUCTOS/FUERA DE USO"</Process><Process ToolSource="C:\Program Files (x86)\ArcGIS\Desktop10.0\ArcToolbox\Toolboxes\Data Management Tools.tbx\AddSubtype" Date="20130131" Time="094157">AddSubtype D:\Topo50\Z11.gdb\dataset\CONDUCTO50_L 3920 "CONDUCTO/SUPERFICIAL/PEMEX/TRES CONDUCTOS/FUERA DE USO"</Process><Process ToolSource="C:\Program Files (x86)\ArcGIS\Desktop10.0\ArcToolbox\Toolboxes\Data Management Tools.tbx\AddSubtype" Date="20130131" Time="094159">AddSubtype D:\Topo50\Z11.gdb\dataset\CONDUCTO50_L 3921 "CONDUCTO/ N/A /OTRO/ N/A /FUERA DE USO"</Process><Process ToolSource="C:\Program Files (x86)\ArcGIS\Desktop10.0\ArcToolbox\Toolboxes\Data Management Tools.tbx\AddSubtype" Date="20130212" Time="090008">AddSubtype D:\Topo50\Z11.gdb\dataset\CONDUCTO50_L 3261 "Conducto/Un conducto/Pemex/Subterráneo/En operación"</Process><Process ToolSource="C:\Program Files (x86)\ArcGIS\Desktop10.0\ArcToolbox\Toolboxes\Data Management Tools.tbx\AddSubtype" Date="20130212" Time="090011">AddSubtype D:\Topo50\Z11.gdb\dataset\CONDUCTO50_L 3262 "Conducto/Un conducto/Pemex/Superficial/En operación"</Process><Process ToolSource="C:\Program Files (x86)\ArcGIS\Desktop10.0\ArcToolbox\Toolboxes\Data Management Tools.tbx\AddSubtype" Date="20130212" Time="090014">AddSubtype D:\Topo50\Z11.gdb\dataset\CONDUCTO50_L 3263 "Conducto/Un conducto/Otro/Subterráneo/En operación"</Process><Process ToolSource="C:\Program Files (x86)\ArcGIS\Desktop10.0\ArcToolbox\Toolboxes\Data Management Tools.tbx\AddSubtype" Date="20130212" Time="090016">AddSubtype D:\Topo50\Z11.gdb\dataset\CONDUCTO50_L 3264 "Conducto/Un conducto/Otro/Superficial/En operación"</Process><Process ToolSource="C:\Program Files (x86)\ArcGIS\Desktop10.0\ArcToolbox\Toolboxes\Data Management Tools.tbx\AddSubtype" Date="20130212" Time="090019">AddSubtype D:\Topo50\Z11.gdb\dataset\CONDUCTO50_L 3265 "Conducto/Dos conductos/Pemex/Subterráneo/En operación"</Process><Process ToolSource="C:\Program Files (x86)\ArcGIS\Desktop10.0\ArcToolbox\Toolboxes\Data Management Tools.tbx\AddSubtype" Date="20130212" Time="090022">AddSubtype D:\Topo50\Z11.gdb\dataset\CONDUCTO50_L 3266 "Conducto/Dos conductos/Pemex/Superficial/En operación"</Process><Process ToolSource="C:\Program Files (x86)\ArcGIS\Desktop10.0\ArcToolbox\Toolboxes\Data Management Tools.tbx\AddSubtype" Date="20130212" Time="090024">AddSubtype D:\Topo50\Z11.gdb\dataset\CONDUCTO50_L 3267 "Conducto/Tres conductos/Pemex/Subterráneo/En operación"</Process><Process ToolSource="C:\Program Files (x86)\ArcGIS\Desktop10.0\ArcToolbox\Toolboxes\Data Management Tools.tbx\AddSubtype" Date="20130212" Time="090027">AddSubtype D:\Topo50\Z11.gdb\dataset\CONDUCTO50_L 3268 "Conducto/Tres conductos/Pemex/Superficial/En operación"</Process><Process ToolSource="C:\Program Files (x86)\ArcGIS\Desktop10.0\ArcToolbox\Toolboxes\Data Management Tools.tbx\AddSubtype" Date="20130212" Time="090030">AddSubtype D:\Topo50\Z11.gdb\dataset\CONDUCTO50_L 3911 "Conducto/Dos conductos/Otro/Subterráneo/En operación"</Process><Process ToolSource="C:\Program Files (x86)\ArcGIS\Desktop10.0\ArcToolbox\Toolboxes\Data Management Tools.tbx\AddSubtype" Date="20130212" Time="090032">AddSubtype D:\Topo50\Z11.gdb\dataset\CONDUCTO50_L 3912 "Conducto/Dos conductos/Otro/Superficial/En operación"</Process><Process ToolSource="C:\Program Files (x86)\ArcGIS\Desktop10.0\ArcToolbox\Toolboxes\Data Management Tools.tbx\AddSubtype" Date="20130212" Time="090035">AddSubtype D:\Topo50\Z11.gdb\dataset\CONDUCTO50_L 3913 "Conducto/Tres conductos/Otro/Subterráneo/En operación"</Process><Process ToolSource="C:\Program Files (x86)\ArcGIS\Desktop10.0\ArcToolbox\Toolboxes\Data Management Tools.tbx\AddSubtype" Date="20130212" Time="090039">AddSubtype D:\Topo50\Z11.gdb\dataset\CONDUCTO50_L 3914 "Conducto/Tres conductos/Otro/Superficial/En operación"</Process><Process ToolSource="C:\Program Files (x86)\ArcGIS\Desktop10.0\ArcToolbox\Toolboxes\Data Management Tools.tbx\AddSubtype" Date="20130212" Time="090041">AddSubtype D:\Topo50\Z11.gdb\dataset\CONDUCTO50_L 3915 "Conducto/Un conducto/Pemex/Subterráneo/Fuera de uso"</Process><Process ToolSource="C:\Program Files (x86)\ArcGIS\Desktop10.0\ArcToolbox\Toolboxes\Data Management Tools.tbx\AddSubtype" Date="20130212" Time="090045">AddSubtype D:\Topo50\Z11.gdb\dataset\CONDUCTO50_L 3916 "Conducto/Un conducto/Pemex/Superficial/Fuera de uso"</Process><Process ToolSource="C:\Program Files (x86)\ArcGIS\Desktop10.0\ArcToolbox\Toolboxes\Data Management Tools.tbx\AddSubtype" Date="20130212" Time="090051">AddSubtype D:\Topo50\Z11.gdb\dataset\CONDUCTO50_L 3917 "Conducto/Dos conductos/Pemex/Subterráneo/Fuera de uso"</Process><Process ToolSource="C:\Program Files (x86)\ArcGIS\Desktop10.0\ArcToolbox\Toolboxes\Data Management Tools.tbx\AddSubtype" Date="20130212" Time="090054">AddSubtype D:\Topo50\Z11.gdb\dataset\CONDUCTO50_L 3918 "Conducto/Dos conductos/Pemex/Superficial/Fuera de uso"</Process><Process ToolSource="C:\Program Files (x86)\ArcGIS\Desktop10.0\ArcToolbox\Toolboxes\Data Management Tools.tbx\AddSubtype" Date="20130212" Time="090057">AddSubtype D:\Topo50\Z11.gdb\dataset\CONDUCTO50_L 3919 "Conducto/Tres conductos/Pemex/Subterráneo/Fuera de uso"</Process><Process ToolSource="C:\Program Files (x86)\ArcGIS\Desktop10.0\ArcToolbox\Toolboxes\Data Management Tools.tbx\AddSubtype" Date="20130212" Time="090100">AddSubtype D:\Topo50\Z11.gdb\dataset\CONDUCTO50_L 3920 "Conducto/Tres conductos/Pemex/Superficial/Fuera de uso"</Process><Process ToolSource="C:\Program Files (x86)\ArcGIS\Desktop10.0\ArcToolbox\Toolboxes\Data Management Tools.tbx\AddSubtype" Date="20130212" Time="090103">AddSubtype D:\Topo50\Z11.gdb\dataset\CONDUCTO50_L 3921 "Conducto/ N/A /Otro/ N/A /Fuera de uso"</Process><Process ToolSource="c:\program files (x86)\arcgis\desktop10.1\ArcToolbox\Toolboxes\Data Management Tools.tbx\Append" Date="20130605" Time="143430">Append CONDUCTO50_L.shp D:\Topo50_gdb\E13B33\E13B33.gdb\dataset\CONDUCTO50_L NO_TEST "ENTIDAD "ENTIDAD" true true false 254 Text 0 0 ,First,#,CONDUCTO50_L.shp,ENTIDAD,-1,-1;CODIGO "CODIGO" true true false 254 Text 0 0 ,First,#,CONDUCTO50_L.shp,CODIGO,-1,-1;CALI_REPR "CALI_REPR" true true false 254 Text 0 0 ,First,#,CONDUCTO50_L.shp,CALI_REPR,-1,-1;GEOMETRIA "GEOMETRIA" true true false 254 Text 0 0 ,First,#,CONDUCTO50_L.shp,GEOMETRIA,-1,-1;CONDICION "CONDICION" true true false 254 Text 0 0 ,First,#,CONDUCTO50_L.shp,CONDICION,-1,-1;RELA_SUELO "RELA_SUELO" true true false 254 Text 0 0 ,First,#,CONDUCTO50_L.shp,RELA_SUELO,-1,-1;TIPO "TIPO" true true false 254 Text 0 0 ,First,#,CONDUCTO50_L.shp,TIPO,-1,-1;NUMERO "NUMERO" true true false 254 Text 0 0 ,First,#,CONDUCTO50_L.shp,NUMERO,-1,-1;DESCRIPCION "DESCRIPCION" true true false 2 Short 0 0 ,First,#;NO_CONSEC "NO_CONSEC" true true false 11 Text 0 0 ,First,#;SHAPE_Length "SHAPE_Length" false true true 8 Double 0 0 ,First,#" #</Process></lineage></DataProperties></Esri></metadata>
