<?xml version="1.0" encoding="UTF-8"?>
<metadata xml:lang="es"><Esri><CreaDate>20131127</CreaDate><CreaTime>09044400</CreaTime><SyncOnce>FALSE</SyncOnce><SyncDate>20111130</SyncDate><SyncTime>12032800</SyncTime><ModDate>20111130</ModDate><ModTime>12032800</ModTime><DataProperties><lineage><Process ToolSource="C:\Archivos de programa\ArcGIS\ArcToolbox\Toolboxes\Conversion Tools.tbx\FeatureClassToFeatureClass" Date="20100521" Time="144522">FeatureClassToFeatureClass F:\Cartas-Validadas-690\VERSION_3\E14A13d\E14A13d-SHP\E14A13d_CUERPO_AGUA20_A.shp F:\20100521_EST_GEODATABASE_TOPO20\ZONA_11.gdb CUERPO_AGUA20_A ""FID" = 1" "ENTIDAD 'ENTIDAD' true true false 254 Text 0 0 ,First,#,F:\Cartas-Validadas-690\VERSION_3\E14A13d\E14A13d-SHP\E14A13d_CUERPO_AGUA20_A.shp,ENTIDAD,-1,-1;CODIGO 'CODIGO' true true false 254 Text 0 0 ,First,#,F:\Cartas-Validadas-690\VERSION_3\E14A13d\E14A13d-SHP\E14A13d_CUERPO_AGUA20_A.shp,CODIGO,-1,-1;CALI_REPR 'CALI_REPR' true true false 254 Text 0 0 ,First,#,F:\Cartas-Validadas-690\VERSION_3\E14A13d\E14A13d-SHP\E14A13d_CUERPO_AGUA20_A.shp,CALI_REPR,-1,-1;GEOMETRIA 'GEOMETRIA' true true false 254 Text 0 0 ,First,#,F:\Cartas-Validadas-690\VERSION_3\E14A13d\E14A13d-SHP\E14A13d_CUERPO_AGUA20_A.shp,GEOMETRIA,-1,-1;NOMBRE 'NOMBRE' true true false 254 Text 0 0 ,First,#,F:\Cartas-Validadas-690\VERSION_3\E14A13d\E14A13d-SHP\E14A13d_CUERPO_AGUA20_A.shp,NOMBRE,-1,-1;NOM_REG 'NOM_REG' true true false 254 Text 0 0 ,First,#,F:\Cartas-Validadas-690\VERSION_3\E14A13d\E14A13d-SHP\E14A13d_CUERPO_AGUA20_A.shp,NOM_REG,-1,-1;TERM_GEN 'TERM_GEN' true true false 254 Text 0 0 ,First,#,F:\Cartas-Validadas-690\VERSION_3\E14A13d\E14A13d-SHP\E14A13d_CUERPO_AGUA20_A.shp,TERM_GEN,-1,-1;CONDICION 'CONDICION' true true false 254 Text 0 0 ,First,#,F:\Cartas-Validadas-690\VERSION_3\E14A13d\E14A13d-SHP\E14A13d_CUERPO_AGUA20_A.shp,CONDICION,-1,-1" # F:\20100521_EST_GEODATABASE_TOPO20\ZONA_11.gdb\CUERPO_AGUA20_A</Process><Process ToolSource="C:\Archivos de programa\ArcGIS\ArcToolbox\Toolboxes\Data Management Tools.tbx\CopyFeatures" Date="20100525" Time="131249">CopyFeatures F:\20100521_EST_GEODATABASE_TOPO20\ZONA_11.gdb\CUERPO_AGUA20_A F:\20100521_EST_GEODATABASE_TOPO20\Prof.gdb\dataset\CUERPO_AGUA20_A # 0 0 0</Process><Process ToolSource="C:\Archivos de programa\ArcGIS\ArcToolbox\Toolboxes\Data Management Tools.tbx\CopyFeatures" Date="20110210" Time="161416">CopyFeatures D:\TOPO20K\E15A72C\E15A72C.gdb\dataset\CUERPO_AGUA20_A D:\TOPO20K\nuevo\E15A72C.gdb\dataset\CUERPO_AGUA20_A # 0 0 0</Process><Process ToolSource="C:\Archivos de programa\ArcGIS\ArcToolbox\Toolboxes\Data Management Tools.tbx\CopyFeatures" Date="20110214" Time="131313">CopyFeatures D:\TOPO20K\E15A72C\E15A72C.gdb\dataset\CUERPO_AGUA20_A D:\TOPO20K\G14C86F\G14C86F.gdb\dataset\CUERPO_AGUA20_A # 0 0 0</Process><Process ToolSource="C:\Archivos de programa\ArcGIS\ArcToolbox\Toolboxes\Data Management Tools.tbx\RemoveSpatialIndex" Date="20110216" Time="094717">RemoveSpatialIndex CUERPO_AGUA20_A CUERPO_AGUA20_A</Process><Process ToolSource="C:\Archivos de programa\ArcGIS\ArcToolbox\Toolboxes\Data Management Tools.tbx\CopyFeatures" Date="20110322" Time="162618">CopyFeatures D:\TOPO20K\G14C86F\G14C86F.gdb\dataset\CUERPO_AGUA20_A D:\TOPO20K\G14B84D\G14B84D.gdb\dataset\CUERPO_AGUA20_A # 0 0 0</Process><Process ToolSource="C:\Archivos de programa\ArcGIS\ArcToolbox\Toolboxes\Data Management Tools.tbx\RemoveSpatialIndex" Date="20110324" Time="135857">RemoveSpatialIndex CUERPO_AGUA20_A CUERPO_AGUA20_A</Process><Process ToolSource="C:\Program Files (x86)\ArcGIS\Desktop10.0\ArcToolbox\Toolboxes\Data Management Tools.tbx\CopyFeatures" Date="20110629" Time="084750">CopyFeatures D:\GDB_Topo20k\Capas\G14B84D.gdb\dataset\CUERPO_AGUA20_A D:\GDB_Topo20k\F14C52f.gdb\dataset\CUERPO_AGUA20_A # 0 0 0</Process><Process ToolSource="C:\Program Files (x86)\ArcGIS\Desktop10.0\ArcToolbox\Toolboxes\Data Management Tools.tbx\CopyFeatures" Date="20110711" Time="100508">CopyFeatures D:\GDB_Topo20k\F14C52f\F14C52f.gdb\dataset\CUERPO_AGUA20_A D:\GDB_Topo20k\Capas\G14B84D.gdb\dataset\CUERPO_AGUA20_A # 0 0 0</Process><Process ToolSource="C:\Program Files (x86)\ArcGIS\Desktop10.0\ArcToolbox\Toolboxes\Data Management Tools.tbx\CopyFeatures" Date="20111130" Time="120329">CopyFeatures D:\GDB_Topo20k\Capas\G14B84D.gdb\CUERPO_AGUA20_A D:\GDB_Topo20k\I11D87f\I11D87f.gdb\dataset\CUERPO_AGUA20_A # 0 0 0</Process><Process ToolSource="C:\Program Files (x86)\ArcGIS\Desktop10.0\ArcToolbox\Toolboxes\Data Management Tools.tbx\AddSubtype" Date="20130131" Time="094208">AddSubtype D:\Topo50\Z11.gdb\dataset\CUERPO_AGUA50_A 6291 "CUERPO DE AGUA/INTERMITENTE"</Process><Process ToolSource="C:\Program Files (x86)\ArcGIS\Desktop10.0\ArcToolbox\Toolboxes\Data Management Tools.tbx\AddSubtype" Date="20130131" Time="094210">AddSubtype D:\Topo50\Z11.gdb\dataset\CUERPO_AGUA50_A 6292 "CUERPO DE AGUA/PERENNE"</Process><Process ToolSource="C:\Program Files (x86)\ArcGIS\Desktop10.0\ArcToolbox\Toolboxes\Data Management Tools.tbx\AddSubtype" Date="20130212" Time="090113">AddSubtype D:\Topo50\Z11.gdb\dataset\CUERPO_AGUA50_A 6291 "Cuerpo de agua/Intermitente"</Process><Process ToolSource="C:\Program Files (x86)\ArcGIS\Desktop10.0\ArcToolbox\Toolboxes\Data Management Tools.tbx\AddSubtype" Date="20130212" Time="090116">AddSubtype D:\Topo50\Z11.gdb\dataset\CUERPO_AGUA50_A 6292 "Cuerpo de agua/Perenne"</Process><Process ToolSource="c:\program files (x86)\arcgis\desktop10.1\ArcToolbox\Toolboxes\Data Management Tools.tbx\Append" Date="20130605" Time="143301">Append CUERPO_AGUA50_A.shp D:\Topo50_gdb\E13B33\E13B33.gdb\dataset\CUERPO_AGUA50_A NO_TEST "ENTIDAD "ENTIDAD" true true false 254 Text 0 0 ,First,#,CUERPO_AGUA50_A.shp,ENTIDAD,-1,-1;CODIGO "CODIGO" true true false 254 Text 0 0 ,First,#,CUERPO_AGUA50_A.shp,CODIGO,-1,-1;CALI_REPR "CALI_REPR" true true false 254 Text 0 0 ,First,#,CUERPO_AGUA50_A.shp,CALI_REPR,-1,-1;GEOMETRIA "GEOMETRIA" true true false 254 Text 0 0 ,First,#,CUERPO_AGUA50_A.shp,GEOMETRIA,-1,-1;NOMBRE "NOMBRE" true true false 254 Text 0 0 ,First,#,CUERPO_AGUA50_A.shp,NOMBRE,-1,-1;CONDICION "CONDICION" true true false 254 Text 0 0 ,First,#,CUERPO_AGUA50_A.shp,CONDICION,-1,-1;DESCRIPCION "DESCRIPCION" true true false 2 Short 0 0 ,First,#;NO_CONSEC "NO_CONSEC" true true false 11 Text 0 0 ,First,#;Shape_Length "Shape_Length" false true true 8 Double 0 0 ,First,#;Shape_Area "Shape_Area" false true true 8 Double 0 0 ,First,#" #</Process></lineage><itemProps><itemName Sync="TRUE">CUERPO_AGUA20_A</itemName><imsContentType Sync="TRUE">002</imsContentType><itemLocation><linkage Sync="TRUE">file://\\GEOIGB036720D\D$\GDB_Topo20k\I11D87f\I11D87f.gdb</linkage><protocol Sync="TRUE">Local Area Network</protocol></itemLocation></itemProps><coordRef><type Sync="TRUE">Projected</type><geogcsn Sync="TRUE">D_ITRF_1992</geogcsn><projcsn Sync="TRUE">UTM_Zone_11N_ITRF92</projcsn><peXml Sync="TRUE">&lt;ProjectedCoordinateSystem xsi:type='typens:ProjectedCoordinateSystem' xmlns:xsi='http://www.w3.org/2001/XMLSchema-instance' xmlns:xs='http://www.w3.org/2001/XMLSchema' xmlns:typens='http://www.esri.com/schemas/ArcGIS/10.0'&gt;&lt;WKT&gt;PROJCS[&amp;quot;UTM_Zone_11N_ITRF92&amp;quot;,GEOGCS[&amp;quot;D_ITRF_1992&amp;quot;,DATUM[&amp;quot;D_ITRF_1992&amp;quot;,SPHEROID[&amp;quot;GRS_1980&amp;quot;,6378137.0,298.257222101]],PRIMEM[&amp;quot;Greenwich&amp;quot;,0.0],UNIT[&amp;quot;Degree&amp;quot;,0.0174532925199433]],PROJECTION[&amp;quot;Transverse_Mercator&amp;quot;],PARAMETER[&amp;quot;False_Easting&amp;quot;,500000.0],PARAMETER[&amp;quot;False_Northing&amp;quot;,0.0],PARAMETER[&amp;quot;Central_Meridian&amp;quot;,-117.0],PARAMETER[&amp;quot;Scale_Factor&amp;quot;,0.9996],PARAMETER[&amp;quot;Latitude_Of_Origin&amp;quot;,0.0],UNIT[&amp;quot;Meter&amp;quot;,1.0]]&lt;/WKT&gt;&lt;XOrigin&gt;-5120900&lt;/XOrigin&gt;&lt;YOrigin&gt;-9998100&lt;/YOrigin&gt;&lt;XYScale&gt;199999999.99999997&lt;/XYScale&gt;&lt;ZOrigin&gt;-100000&lt;/ZOrigin&gt;&lt;ZScale&gt;10000&lt;/ZScale&gt;&lt;MOrigin&gt;-100000&lt;/MOrigin&gt;&lt;MScale&gt;10000&lt;/MScale&gt;&lt;XYTolerance&gt;1.0000000000000002e-008&lt;/XYTolerance&gt;&lt;ZTolerance&gt;0.001&lt;/ZTolerance&gt;&lt;MTolerance&gt;0.001&lt;/MTolerance&gt;&lt;HighPrecision&gt;true&lt;/HighPrecision&gt;&lt;/ProjectedCoordinateSystem&gt;</peXml></coordRef></DataProperties><ArcGISFormat>1.0</ArcGISFormat></Esri><idinfo><native Sync="TRUE">Microsoft Windows XP Version 5.1 (Build 2600) Service Pack 3; ESRI ArcCatalog 9.3.1.1850</native><descript><langdata Sync="TRUE">es</langdata><abstract>REQUIRED: A brief narrative summary of the data set.</abstract><purpose>REQUIRED: A summary of the intentions with which the data set was developed.</purpose></descript><citation><citeinfo><origin>REQUIRED: The name of an organization or individual that developed the data set.</origin><pubdate>REQUIRED: The date when the data set is published or otherwise made available for release.</pubdate><title Sync="TRUE">CUERPO_AGUA20_A</title><ftname Sync="TRUE">CUERPO_AGUA20_A</ftname><geoform Sync="TRUE">vector digital data</geoform><onlink Sync="TRUE">\\GEOIIG034534D\D$\TOPO20K\G14B84D\G14B84D.gdb</onlink></citeinfo></citation><timeperd><current>REQUIRED: The basis on which the time period of content information is determined.</current><timeinfo><sngdate><caldate>REQUIRED: The year (and optionally month, or month and day) for which the data set corresponds to the ground.</caldate></sngdate></timeinfo></timeperd><status><progress>REQUIRED: The state of the data set.</progress><update>REQUIRED: The frequency with which changes and additions are made to the data set after the initial data set is completed.</update></status><spdom><bounding><westbc Sync="TRUE">REQUIRED: Western-most coordinate of the limit of coverage expressed in longitude.</westbc><eastbc Sync="TRUE">REQUIRED: Eastern-most coordinate of the limit of coverage expressed in longitude.</eastbc><northbc Sync="TRUE">REQUIRED: Northern-most coordinate of the limit of coverage expressed in latitude.</northbc><southbc Sync="TRUE">REQUIRED: Southern-most coordinate of the limit of coverage expressed in latitude.</southbc></bounding><lboundng><leftbc Sync="TRUE">262516.851884</leftbc><rightbc Sync="TRUE">262566.163732</rightbc><bottombc Sync="TRUE">2191097.228504</bottombc><topbc Sync="TRUE">2191154.633563</topbc></lboundng></spdom><keywords><theme><themekt>REQUIRED: Reference to a formally registered thesaurus or a similar authoritative source of theme keywords.</themekt><themekey>REQUIRED: Common-use word or phrase used to describe the subject of the data set.</themekey></theme></keywords><accconst>REQUIRED: Restrictions and legal prerequisites for accessing the data set.</accconst><useconst>REQUIRED: Restrictions and legal prerequisites for using the data set after access is granted.</useconst><natvform Sync="TRUE">File Geodatabase Feature Class</natvform></idinfo><dataIdInfo><envirDesc Sync="TRUE">Microsoft Windows Server 2008 R2 Version 6.1 (Build 7601) Service Pack 1; ESRI ArcGIS 10.0.2.3200</envirDesc><dataLang><languageCode Sync="TRUE" value="spa" country="MEX"></languageCode></dataLang><idCitation><resTitle Sync="TRUE">CUERPO_AGUA20_A</resTitle><presForm><PresFormCd value="005"></PresFormCd></presForm></idCitation><dataExt><geoEle><GeoBndBox esriExtentType="native"><westBL Sync="TRUE">262516.851884</westBL><eastBL Sync="TRUE">262566.163732</eastBL><northBL Sync="TRUE">2191154.633563</northBL><southBL Sync="TRUE">2191097.228504</southBL><exTypeCode Sync="TRUE">1</exTypeCode></GeoBndBox></geoEle></dataExt><descKeys><thesaName uuidref="723f6998-058e-11dc-8314-0800200c9a66"></thesaName><keyword Sync="TRUE">002</keyword></descKeys><spatRpType><SpatRepTypCd value="001"></SpatRepTypCd></spatRpType></dataIdInfo><metainfo><langmeta Sync="TRUE">es</langmeta><metstdn Sync="TRUE">FGDC Content Standards for Digital Geospatial Metadata</metstdn><metstdv Sync="TRUE">FGDC-STD-001-1998</metstdv><mettc Sync="TRUE">local time</mettc><metc><cntinfo><cntorgp><cntper>REQUIRED: The person responsible for the metadata information.</cntper><cntorg>REQUIRED: The organization responsible for the metadata information.</cntorg></cntorgp><cntaddr><addrtype>REQUIRED: The mailing and/or physical address for the organization or individual.</addrtype><city>REQUIRED: The city of the address.</city><state>REQUIRED: The state or province of the address.</state><postal>REQUIRED: The ZIP or other postal code of the address.</postal></cntaddr><cntvoice>REQUIRED: The telephone number by which individuals can speak to the organization or individual.</cntvoice></cntinfo></metc><metd Sync="TRUE">20110322</metd></metainfo><mdLang><languageCode Sync="TRUE" value="spa"></languageCode></mdLang><mdStanName Sync="TRUE">ISO 19115 Geographic Information - Metadata</mdStanName><mdStanVer Sync="TRUE">DIS_ESRI1.0</mdStanVer><mdChar><CharSetCd Sync="TRUE" value="004"></CharSetCd></mdChar><mdHrLv><ScopeCd Sync="TRUE" value="005"></ScopeCd></mdHrLv><mdHrLvName Sync="TRUE">dataset</mdHrLvName><distinfo><resdesc Sync="TRUE">Downloadable Data</resdesc></distinfo><distInfo><distributor><distorTran><onLineSrc><orDesc Sync="TRUE">002</orDesc><linkage Sync="TRUE">file://\\GEOIIG034534D\D$\TOPO20K\G14B84D\G14B84D.gdb</linkage><protocol Sync="TRUE">Local Area Network</protocol></onLineSrc></distorTran><distorFormat><formatName Sync="TRUE">File Geodatabase Feature Class</formatName></distorFormat></distributor><distFormat><formatName Sync="TRUE">File Geodatabase Feature Class</formatName></distFormat></distInfo><spdoinfo><direct Sync="TRUE">Vector</direct><ptvctinf><esriterm Name="CUERPO_AGUA20_A"><efeatyp Sync="TRUE">Simple</efeatyp><efeageom Sync="TRUE">4</efeageom><esritopo Sync="TRUE">FALSE</esritopo><efeacnt Sync="TRUE">0</efeacnt><spindex Sync="TRUE">TRUE</spindex><linrefer Sync="TRUE">FALSE</linrefer></esriterm></ptvctinf></spdoinfo><spatRepInfo><VectSpatRep><topLvl><TopoLevCd Sync="TRUE" value="001"></TopoLevCd></topLvl><geometObjs Name="CUERPO_AGUA20_A"><geoObjTyp><GeoObjTypCd Sync="TRUE" value="002"></GeoObjTypCd><geoObjCnt Sync="TRUE">0</geoObjCnt></geoObjTyp><geoObjCnt Sync="TRUE">0</geoObjCnt></geometObjs></VectSpatRep></spatRepInfo><eainfo><detailed Name="CUERPO_AGUA20_A"><enttyp><enttypl Sync="TRUE">CUERPO_AGUA20_A</enttypl><enttypt Sync="TRUE">Feature Class</enttypt><enttypc Sync="TRUE">0</enttypc></enttyp><attr><attrlabl Sync="TRUE">OBJECTID</attrlabl><attalias Sync="TRUE">OBJECTID</attalias><attrtype Sync="TRUE">OID</attrtype><attwidth Sync="TRUE">4</attwidth><atprecis Sync="TRUE">0</atprecis><attscale Sync="TRUE">0</attscale><attrdef Sync="TRUE">Internal feature number.</attrdef><attrdefs Sync="TRUE">ESRI</attrdefs><attrdomv><udom Sync="TRUE">Sequential unique whole numbers that are automatically generated.</udom></attrdomv></attr><attr><attrlabl Sync="TRUE">Shape</attrlabl><attalias Sync="TRUE">Shape</attalias><attrtype Sync="TRUE">Geometry</attrtype><attwidth Sync="TRUE">0</attwidth><atprecis Sync="TRUE">0</atprecis><attscale Sync="TRUE">0</attscale><attrdef Sync="TRUE">Feature geometry.</attrdef><attrdefs Sync="TRUE">ESRI</attrdefs><attrdomv><udom Sync="TRUE">Coordinates defining the features.</udom></attrdomv></attr><attr><attrlabl Sync="TRUE">ENTIDAD</attrlabl><attalias Sync="TRUE">ENTIDAD</attalias><attrtype Sync="TRUE">String</attrtype><attwidth Sync="TRUE">254</attwidth><atprecis Sync="TRUE">0</atprecis><attscale Sync="TRUE">0</attscale></attr><attr><attrlabl Sync="TRUE">CODIGO</attrlabl><attalias Sync="TRUE">CODIGO</attalias><attrtype Sync="TRUE">String</attrtype><attwidth Sync="TRUE">254</attwidth><atprecis Sync="TRUE">0</atprecis><attscale Sync="TRUE">0</attscale></attr><attr><attrlabl Sync="TRUE">CALI_REPR</attrlabl><attalias Sync="TRUE">CALI_REPR</attalias><attrtype Sync="TRUE">String</attrtype><attwidth Sync="TRUE">254</attwidth><atprecis Sync="TRUE">0</atprecis><attscale Sync="TRUE">0</attscale></attr><attr><attrlabl Sync="TRUE">GEOMETRIA</attrlabl><attalias Sync="TRUE">GEOMETRIA</attalias><attrtype Sync="TRUE">String</attrtype><attwidth Sync="TRUE">254</attwidth><atprecis Sync="TRUE">0</atprecis><attscale Sync="TRUE">0</attscale></attr><attr><attrlabl Sync="TRUE">NOMBRE</attrlabl><attalias Sync="TRUE">NOMBRE</attalias><attrtype Sync="TRUE">String</attrtype><attwidth Sync="TRUE">254</attwidth><atprecis Sync="TRUE">0</atprecis><attscale Sync="TRUE">0</attscale></attr><attr><attrlabl Sync="TRUE">NOM_REG</attrlabl><attalias Sync="TRUE">NOM_REG</attalias><attrtype Sync="TRUE">String</attrtype><attwidth Sync="TRUE">254</attwidth><atprecis Sync="TRUE">0</atprecis><attscale Sync="TRUE">0</attscale></attr><attr><attrlabl Sync="TRUE">TERM_GEN</attrlabl><attalias Sync="TRUE">TERM_GEN</attalias><attrtype Sync="TRUE">String</attrtype><attwidth Sync="TRUE">254</attwidth><atprecis Sync="TRUE">0</atprecis><attscale Sync="TRUE">0</attscale></attr><attr><attrlabl Sync="TRUE">CONDICION</attrlabl><attalias Sync="TRUE">CONDICION</attalias><attrtype Sync="TRUE">String</attrtype><attwidth Sync="TRUE">254</attwidth><atprecis Sync="TRUE">0</atprecis><attscale Sync="TRUE">0</attscale></attr><attr><attrlabl Sync="TRUE">DESCRIPCION</attrlabl><attalias Sync="TRUE">DESCRIPCION</attalias><attrtype Sync="TRUE">SmallInteger</attrtype><attwidth Sync="TRUE">2</attwidth><atprecis Sync="TRUE">0</atprecis><attscale Sync="TRUE">0</attscale></attr><attr><attrlabl Sync="TRUE">NO_CONSEC</attrlabl><attalias Sync="TRUE">NO_CONSEC</attalias><attrtype Sync="TRUE">String</attrtype><attwidth Sync="TRUE">11</attwidth><atprecis Sync="TRUE">0</atprecis><attscale Sync="TRUE">0</attscale></attr><attr><attrlabl Sync="TRUE">Shape_Length</attrlabl><attalias Sync="TRUE">Shape_Length</attalias><attrtype Sync="TRUE">Double</attrtype><attwidth Sync="TRUE">8</attwidth><atprecis Sync="TRUE">0</atprecis><attscale Sync="TRUE">0</attscale><attrdef Sync="TRUE">Length of feature in internal units.</attrdef><attrdefs Sync="TRUE">ESRI</attrdefs><attrdomv><udom Sync="TRUE">Positive real numbers that are automatically generated.</udom></attrdomv></attr><attr><attrlabl Sync="TRUE">Shape_Area</attrlabl><attalias Sync="TRUE">Shape_Area</attalias><attrtype Sync="TRUE">Double</attrtype><attwidth Sync="TRUE">8</attwidth><atprecis Sync="TRUE">0</atprecis><attscale Sync="TRUE">0</attscale><attrdef Sync="TRUE">Area of feature in internal units squared.</attrdef><attrdefs Sync="TRUE">ESRI</attrdefs><attrdomv><udom Sync="TRUE">Positive real numbers that are automatically generated.</udom></attrdomv></attr><subtype><stname Sync="TRUE">Cuerpo de agua/Intermitente/Cenote</stname><stcode Sync="TRUE">6290</stcode><stfield><stfldnm Sync="TRUE">ENTIDAD</stfldnm><stflddv Sync="TRUE">Cuerpo de agua</stflddv></stfield><stfield><stfldnm Sync="TRUE">CODIGO</stfldnm><stflddv Sync="TRUE">6290</stflddv></stfield><stfield><stfldnm Sync="TRUE">CALI_REPR</stfldnm><stflddv Sync="TRUE">Definida</stflddv></stfield><stfield><stfldnm Sync="TRUE">GEOMETRIA</stfldnm><stflddv Sync="TRUE">Área</stflddv></stfield><stfield><stfldnm Sync="TRUE">NOMBRE</stfldnm><stflddv Sync="TRUE">NINGUNO</stflddv></stfield><stfield><stfldnm Sync="TRUE">NOM_REG</stfldnm><stflddv Sync="TRUE">NINGUNO</stflddv></stfield><stfield><stfldnm Sync="TRUE">TERM_GEN</stfldnm><stflddv Sync="TRUE">Cenote</stflddv></stfield><stfield><stfldnm Sync="TRUE">CONDICION</stfldnm><stflddv Sync="TRUE">Intermitente</stflddv></stfield><stfield><stfldnm Sync="TRUE">DESCRIPCION</stfldnm><stflddv Sync="TRUE">6290</stflddv></stfield></subtype><subtype><stname Sync="TRUE">Cuerpo de agua/Perenne/Cenote</stname><stcode Sync="TRUE">6291</stcode><stfield><stfldnm Sync="TRUE">ENTIDAD</stfldnm><stflddv Sync="TRUE">Cuerpo de agua</stflddv></stfield><stfield><stfldnm Sync="TRUE">CODIGO</stfldnm><stflddv Sync="TRUE">6291</stflddv></stfield><stfield><stfldnm Sync="TRUE">CALI_REPR</stfldnm><stflddv Sync="TRUE">Definida</stflddv></stfield><stfield><stfldnm Sync="TRUE">GEOMETRIA</stfldnm><stflddv Sync="TRUE">Área</stflddv></stfield><stfield><stfldnm Sync="TRUE">NOMBRE</stfldnm><stflddv Sync="TRUE">NINGUNO</stflddv></stfield><stfield><stfldnm Sync="TRUE">NOM_REG</stfldnm><stflddv Sync="TRUE">NINGUNO</stflddv></stfield><stfield><stfldnm Sync="TRUE">TERM_GEN</stfldnm><stflddv Sync="TRUE">Cenote</stflddv></stfield><stfield><stfldnm Sync="TRUE">CONDICION</stfldnm><stflddv Sync="TRUE">Perenne</stflddv></stfield><stfield><stfldnm Sync="TRUE">DESCRIPCION</stfldnm><stflddv Sync="TRUE">6290</stflddv></stfield></subtype><subtype><stname Sync="TRUE">Cuerpo de agua/Intermitente/Lago</stname><stcode Sync="TRUE">6292</stcode><stfield><stfldnm Sync="TRUE">ENTIDAD</stfldnm><stflddv Sync="TRUE">Cuerpo de agua</stflddv></stfield><stfield><stfldnm Sync="TRUE">CODIGO</stfldnm><stflddv Sync="TRUE">6292</stflddv></stfield><stfield><stfldnm Sync="TRUE">CALI_REPR</stfldnm><stflddv Sync="TRUE">Definida</stflddv></stfield><stfield><stfldnm Sync="TRUE">GEOMETRIA</stfldnm><stflddv Sync="TRUE">Área</stflddv></stfield><stfield><stfldnm Sync="TRUE">NOMBRE</stfldnm><stflddv Sync="TRUE">NINGUNO</stflddv></stfield><stfield><stfldnm Sync="TRUE">NOM_REG</stfldnm><stflddv Sync="TRUE">NINGUNO</stflddv></stfield><stfield><stfldnm Sync="TRUE">TERM_GEN</stfldnm><stflddv Sync="TRUE">Lago</stflddv></stfield><stfield><stfldnm Sync="TRUE">CONDICION</stfldnm><stflddv Sync="TRUE">Intermitente</stflddv></stfield><stfield><stfldnm Sync="TRUE">DESCRIPCION</stfldnm><stflddv Sync="TRUE">6290</stflddv></stfield></subtype><subtype><stname Sync="TRUE">Cuerpo de agua/Perenne/Lago</stname><stcode Sync="TRUE">6293</stcode><stfield><stfldnm Sync="TRUE">ENTIDAD</stfldnm><stflddv Sync="TRUE">Cuerpo de agua</stflddv></stfield><stfield><stfldnm Sync="TRUE">CODIGO</stfldnm><stflddv Sync="TRUE">6293</stflddv></stfield><stfield><stfldnm Sync="TRUE">CALI_REPR</stfldnm><stflddv Sync="TRUE">Definida</stflddv></stfield><stfield><stfldnm Sync="TRUE">GEOMETRIA</stfldnm><stflddv Sync="TRUE">Área</stflddv></stfield><stfield><stfldnm Sync="TRUE">NOMBRE</stfldnm><stflddv Sync="TRUE">NINGUNO</stflddv></stfield><stfield><stfldnm Sync="TRUE">NOM_REG</stfldnm><stflddv Sync="TRUE">NINGUNO</stflddv></stfield><stfield><stfldnm Sync="TRUE">TERM_GEN</stfldnm><stflddv Sync="TRUE">Lago</stflddv></stfield><stfield><stfldnm Sync="TRUE">CONDICION</stfldnm><stflddv Sync="TRUE">Perenne</stflddv></stfield><stfield><stfldnm Sync="TRUE">DESCRIPCION</stfldnm><stflddv Sync="TRUE">6290</stflddv></stfield></subtype><subtype><stname Sync="TRUE">Cuerpo de agua/Intermitente/Poza</stname><stcode Sync="TRUE">6294</stcode><stfield><stfldnm Sync="TRUE">ENTIDAD</stfldnm><stflddv Sync="TRUE">Cuerpo de agua</stflddv></stfield><stfield><stfldnm Sync="TRUE">CODIGO</stfldnm><stflddv Sync="TRUE">6294</stflddv></stfield><stfield><stfldnm Sync="TRUE">CALI_REPR</stfldnm><stflddv Sync="TRUE">Definida</stflddv></stfield><stfield><stfldnm Sync="TRUE">GEOMETRIA</stfldnm><stflddv Sync="TRUE">Área</stflddv></stfield><stfield><stfldnm Sync="TRUE">NOMBRE</stfldnm><stflddv Sync="TRUE">NINGUNO</stflddv></stfield><stfield><stfldnm Sync="TRUE">NOM_REG</stfldnm><stflddv Sync="TRUE">NINGUNO</stflddv></stfield><stfield><stfldnm Sync="TRUE">TERM_GEN</stfldnm><stflddv Sync="TRUE">Poza</stflddv></stfield><stfield><stfldnm Sync="TRUE">CONDICION</stfldnm><stflddv Sync="TRUE">Intermitente</stflddv></stfield><stfield><stfldnm Sync="TRUE">DESCRIPCION</stfldnm><stflddv Sync="TRUE">6290</stflddv></stfield></subtype><subtype><stname Sync="TRUE">Cuerpo de agua/Perenne/Poza</stname><stcode Sync="TRUE">6295</stcode><stfield><stfldnm Sync="TRUE">ENTIDAD</stfldnm><stflddv Sync="TRUE">Cuerpo de agua</stflddv></stfield><stfield><stfldnm Sync="TRUE">CODIGO</stfldnm><stflddv Sync="TRUE">6295</stflddv></stfield><stfield><stfldnm Sync="TRUE">CALI_REPR</stfldnm><stflddv Sync="TRUE">Definida</stflddv></stfield><stfield><stfldnm Sync="TRUE">GEOMETRIA</stfldnm><stflddv Sync="TRUE">Área</stflddv></stfield><stfield><stfldnm Sync="TRUE">NOMBRE</stfldnm><stflddv Sync="TRUE">NINGUNO</stflddv></stfield><stfield><stfldnm Sync="TRUE">NOM_REG</stfldnm><stflddv Sync="TRUE">NINGUNO</stflddv></stfield><stfield><stfldnm Sync="TRUE">TERM_GEN</stfldnm><stflddv Sync="TRUE">Poza</stflddv></stfield><stfield><stfldnm Sync="TRUE">CONDICION</stfldnm><stflddv Sync="TRUE">Perenne</stflddv></stfield><stfield><stfldnm Sync="TRUE">DESCRIPCION</stfldnm><stflddv Sync="TRUE">6290</stflddv></stfield></subtype><subtype><stname Sync="TRUE">Cuerpo de agua/Intermitente/Vaso de la presa</stname><stcode Sync="TRUE">6296</stcode><stfield><stfldnm Sync="TRUE">ENTIDAD</stfldnm><stflddv Sync="TRUE">Cuerpo de agua</stflddv></stfield><stfield><stfldnm Sync="TRUE">CODIGO</stfldnm><stflddv Sync="TRUE">6296</stflddv></stfield><stfield><stfldnm Sync="TRUE">CALI_REPR</stfldnm><stflddv Sync="TRUE">Definida</stflddv></stfield><stfield><stfldnm Sync="TRUE">GEOMETRIA</stfldnm><stflddv Sync="TRUE">Área</stflddv></stfield><stfield><stfldnm Sync="TRUE">NOMBRE</stfldnm><stflddv Sync="TRUE">NINGUNO</stflddv></stfield><stfield><stfldnm Sync="TRUE">NOM_REG</stfldnm><stflddv Sync="TRUE">NINGUNO</stflddv></stfield><stfield><stfldnm Sync="TRUE">TERM_GEN</stfldnm><stflddv Sync="TRUE">Vaso de la presa</stflddv></stfield><stfield><stfldnm Sync="TRUE">CONDICION</stfldnm><stflddv Sync="TRUE">Intermitente</stflddv></stfield><stfield><stfldnm Sync="TRUE">DESCRIPCION</stfldnm><stflddv Sync="TRUE">6290</stflddv></stfield></subtype><subtype><stname Sync="TRUE">Cuerpo de agua/Perenne/Vaso de la presa</stname><stcode Sync="TRUE">6297</stcode><stfield><stfldnm Sync="TRUE">ENTIDAD</stfldnm><stflddv Sync="TRUE">Cuerpo de agua</stflddv></stfield><stfield><stfldnm Sync="TRUE">CODIGO</stfldnm><stflddv Sync="TRUE">6297</stflddv></stfield><stfield><stfldnm Sync="TRUE">CALI_REPR</stfldnm><stflddv Sync="TRUE">Definida</stflddv></stfield><stfield><stfldnm Sync="TRUE">GEOMETRIA</stfldnm><stflddv Sync="TRUE">Área</stflddv></stfield><stfield><stfldnm Sync="TRUE">NOMBRE</stfldnm><stflddv Sync="TRUE">NINGUNO</stflddv></stfield><stfield><stfldnm Sync="TRUE">NOM_REG</stfldnm><stflddv Sync="TRUE">NINGUNO</stflddv></stfield><stfield><stfldnm Sync="TRUE">TERM_GEN</stfldnm><stflddv Sync="TRUE">Vaso de la presa</stflddv></stfield><stfield><stfldnm Sync="TRUE">CONDICION</stfldnm><stflddv Sync="TRUE">Perenne</stflddv></stfield><stfield><stfldnm Sync="TRUE">DESCRIPCION</stfldnm><stflddv Sync="TRUE">6290</stflddv></stfield></subtype><subtype><stname Sync="TRUE">Cuerpo de agua/Intermitente/Vaso del bordo</stname><stcode Sync="TRUE">6298</stcode><stfield><stfldnm Sync="TRUE">ENTIDAD</stfldnm><stflddv Sync="TRUE">Cuerpo de agua</stflddv></stfield><stfield><stfldnm Sync="TRUE">CODIGO</stfldnm><stflddv Sync="TRUE">6298</stflddv></stfield><stfield><stfldnm Sync="TRUE">CALI_REPR</stfldnm><stflddv Sync="TRUE">Definida</stflddv></stfield><stfield><stfldnm Sync="TRUE">GEOMETRIA</stfldnm><stflddv Sync="TRUE">Área</stflddv></stfield><stfield><stfldnm Sync="TRUE">NOMBRE</stfldnm><stflddv Sync="TRUE">NINGUNO</stflddv></stfield><stfield><stfldnm Sync="TRUE">NOM_REG</stfldnm><stflddv Sync="TRUE">NINGUNO</stflddv></stfield><stfield><stfldnm Sync="TRUE">TERM_GEN</stfldnm><stflddv Sync="TRUE">Vaso del bordo</stflddv></stfield><stfield><stfldnm Sync="TRUE">CONDICION</stfldnm><stflddv Sync="TRUE">Intermitente</stflddv></stfield><stfield><stfldnm Sync="TRUE">DESCRIPCION</stfldnm><stflddv Sync="TRUE">6290</stflddv></stfield></subtype><subtype><stname Sync="TRUE">Cuerpo de agua/Perenne/Vaso del bordo</stname><stcode Sync="TRUE">6299</stcode><stfield><stfldnm Sync="TRUE">ENTIDAD</stfldnm><stflddv Sync="TRUE">Cuerpo de agua</stflddv></stfield><stfield><stfldnm Sync="TRUE">CODIGO</stfldnm><stflddv Sync="TRUE">6299</stflddv></stfield><stfield><stfldnm Sync="TRUE">CALI_REPR</stfldnm><stflddv Sync="TRUE">Definida</stflddv></stfield><stfield><stfldnm Sync="TRUE">GEOMETRIA</stfldnm><stflddv Sync="TRUE">Área</stflddv></stfield><stfield><stfldnm Sync="TRUE">NOMBRE</stfldnm><stflddv Sync="TRUE">NINGUNO</stflddv></stfield><stfield><stfldnm Sync="TRUE">NOM_REG</stfldnm><stflddv Sync="TRUE">NINGUNO</stflddv></stfield><stfield><stfldnm Sync="TRUE">TERM_GEN</stfldnm><stflddv Sync="TRUE">Vaso del bordo</stflddv></stfield><stfield><stfldnm Sync="TRUE">CONDICION</stfldnm><stflddv Sync="TRUE">Perenne</stflddv></stfield><stfield><stfldnm Sync="TRUE">DESCRIPCION</stfldnm><stflddv Sync="TRUE">6290</stflddv></stfield></subtype><subtype><stname Sync="TRUE">Cuerpo de agua/Intermitente/Vaso</stname><stcode Sync="TRUE">6300</stcode><stfield><stfldnm Sync="TRUE">ENTIDAD</stfldnm><stflddv Sync="TRUE">Cuerpo de agua</stflddv></stfield><stfield><stfldnm Sync="TRUE">CODIGO</stfldnm><stflddv Sync="TRUE">6300</stflddv></stfield><stfield><stfldnm Sync="TRUE">CALI_REPR</stfldnm><stflddv Sync="TRUE">Definida</stflddv></stfield><stfield><stfldnm Sync="TRUE">GEOMETRIA</stfldnm><stflddv Sync="TRUE">Área</stflddv></stfield><stfield><stfldnm Sync="TRUE">NOMBRE</stfldnm><stflddv Sync="TRUE">NINGUNO</stflddv></stfield><stfield><stfldnm Sync="TRUE">NOM_REG</stfldnm><stflddv Sync="TRUE">NINGUNO</stflddv></stfield><stfield><stfldnm Sync="TRUE">TERM_GEN</stfldnm><stflddv Sync="TRUE">Vaso</stflddv></stfield><stfield><stfldnm Sync="TRUE">CONDICION</stfldnm><stflddv Sync="TRUE">Intermitente</stflddv></stfield><stfield><stfldnm Sync="TRUE">DESCRIPCION</stfldnm><stflddv Sync="TRUE">6290</stflddv></stfield></subtype><subtype><stname Sync="TRUE">Cuerpo de agua/Perenne/Vaso</stname><stcode Sync="TRUE">6301</stcode><stfield><stfldnm Sync="TRUE">ENTIDAD</stfldnm><stflddv Sync="TRUE">Cuerpo de agua</stflddv></stfield><stfield><stfldnm Sync="TRUE">CODIGO</stfldnm><stflddv Sync="TRUE">6301</stflddv></stfield><stfield><stfldnm Sync="TRUE">CALI_REPR</stfldnm><stflddv Sync="TRUE">Definida</stflddv></stfield><stfield><stfldnm Sync="TRUE">GEOMETRIA</stfldnm><stflddv Sync="TRUE">Área</stflddv></stfield><stfield><stfldnm Sync="TRUE">NOMBRE</stfldnm><stflddv Sync="TRUE">NINGUNO</stflddv></stfield><stfield><stfldnm Sync="TRUE">NOM_REG</stfldnm><stflddv Sync="TRUE">NINGUNO</stflddv></stfield><stfield><stfldnm Sync="TRUE">TERM_GEN</stfldnm><stflddv Sync="TRUE">Vaso</stflddv></stfield><stfield><stfldnm Sync="TRUE">CONDICION</stfldnm><stflddv Sync="TRUE">Perenne</stflddv></stfield><stfield><stfldnm Sync="TRUE">DESCRIPCION</stfldnm><stflddv Sync="TRUE">6290</stflddv></stfield></subtype><subtype><stname Sync="TRUE">Cuerpo de agua/Perenne/Otro</stname><stcode Sync="TRUE">6302</stcode><stfield><stfldnm Sync="TRUE">ENTIDAD</stfldnm><stflddv Sync="TRUE">Cuerpo de agua</stflddv></stfield><stfield><stfldnm Sync="TRUE">CODIGO</stfldnm><stflddv Sync="TRUE">6302</stflddv></stfield><stfield><stfldnm Sync="TRUE">CALI_REPR</stfldnm><stflddv Sync="TRUE">Definida</stflddv></stfield><stfield><stfldnm Sync="TRUE">GEOMETRIA</stfldnm><stflddv Sync="TRUE">Área</stflddv></stfield><stfield><stfldnm Sync="TRUE">NOMBRE</stfldnm><stflddv Sync="TRUE">N/A</stflddv></stfield><stfield><stfldnm Sync="TRUE">NOM_REG</stfldnm><stflddv Sync="TRUE">N/A</stflddv></stfield><stfield><stfldnm Sync="TRUE">TERM_GEN</stfldnm><stflddv Sync="TRUE">Otro</stflddv></stfield><stfield><stfldnm Sync="TRUE">CONDICION</stfldnm><stflddv Sync="TRUE">Perenne</stflddv></stfield><stfield><stfldnm Sync="TRUE">DESCRIPCION</stfldnm><stflddv Sync="TRUE">6290</stflddv></stfield></subtype></detailed></eainfo><mdDateSt Sync="TRUE">20111130</mdDateSt><spref><horizsys><cordsysn><geogcsn Sync="TRUE">ITRF_1992</geogcsn><projcsn Sync="TRUE">ITRF_1992_UTM_Zone_14N</projcsn></cordsysn><planar><planci><plance Sync="TRUE">coordinate pair</plance><plandu Sync="TRUE">meters</plandu><coordrep><absres Sync="TRUE">0.000000</absres><ordres Sync="TRUE">0.000000</ordres></coordrep></planci></planar><geodetic><horizdn Sync="TRUE">D_ITRF_1992</horizdn><ellips Sync="TRUE">Geodetic Reference System 80</ellips><semiaxis Sync="TRUE">6378137.000000</semiaxis><denflat Sync="TRUE">298.257222</denflat></geodetic></horizsys><vertdef><altsys><altenc Sync="TRUE">Explicit elevation coordinate included with horizontal coordinates</altenc><altres Sync="TRUE">1.000000</altres></altsys></vertdef></spref><refSysInfo><RefSystem><refSysID><identCode Sync="TRUE" code="0">ITRF_1992_UTM_Zone_14N</identCode></refSysID></RefSystem></refSysInfo></metadata>
