<?xml version="1.0" encoding="UTF-8"?>
<metadata xml:lang="es"><Esri><CreaDate>20131127</CreaDate><CreaTime>09050700</CreaTime><ArcGISFormat>1.0</ArcGISFormat><SyncOnce>TRUE</SyncOnce><DataProperties><lineage><Process ToolSource="C:\Program Files (x86)\ArcGIS\Desktop10.0\ArcToolbox\Toolboxes\Data Management Tools.tbx\AddSubtype" Date="20130131" Time="094635">AddSubtype D:\Topo50\Z11.gdb\dataset\LOCALIDAD50_A 6770 LOCALIDAD/URBANA</Process><Process ToolSource="C:\Program Files (x86)\ArcGIS\Desktop10.0\ArcToolbox\Toolboxes\Data Management Tools.tbx\AddSubtype" Date="20130131" Time="094637">AddSubtype D:\Topo50\Z11.gdb\dataset\LOCALIDAD50_A 6771 LOCALIDAD/RURAL</Process><Process ToolSource="C:\Program Files (x86)\ArcGIS\Desktop10.0\ArcToolbox\Toolboxes\Data Management Tools.tbx\AddSubtype" Date="20130212" Time="090625">AddSubtype D:\Topo50\Z11.gdb\dataset\LOCALIDAD50_A 6770 Localidad/Urbana</Process><Process ToolSource="C:\Program Files (x86)\ArcGIS\Desktop10.0\ArcToolbox\Toolboxes\Data Management Tools.tbx\AddSubtype" Date="20130212" Time="090627">AddSubtype D:\Topo50\Z11.gdb\dataset\LOCALIDAD50_A 6771 Localidad/Rural</Process><Process ToolSource="c:\program files (x86)\arcgis\desktop10.1\ArcToolbox\Toolboxes\Data Management Tools.tbx\Append" Date="20130605" Time="143404">Append LOCALIDAD50_A.shp D:\Topo50_gdb\E13B33\E13B33.gdb\dataset\LOCALIDAD50_A NO_TEST "ENTIDAD "ENTIDAD" true true false 254 Text 0 0 ,First,#,LOCALIDAD50_A.shp,ENTIDAD,-1,-1;CODIGO "CODIGO" true true false 254 Text 0 0 ,First,#,LOCALIDAD50_A.shp,CODIGO,-1,-1;CALI_REPR "CALI_REPR" true true false 254 Text 0 0 ,First,#,LOCALIDAD50_A.shp,CALI_REPR,-1,-1;GEOMETRIA "GEOMETRIA" true true false 254 Text 0 0 ,First,#,LOCALIDAD50_A.shp,GEOMETRIA,-1,-1;CVE_EDO "CVE_EDO" true true false 254 Text 0 0 ,First,#,LOCALIDAD50_A.shp,CVE_EDO,-1,-1;CVE_MUN "CVE_MUN" true true false 254 Text 0 0 ,First,#,LOCALIDAD50_A.shp,CVE_MUN,-1,-1;CVE_LOC "CVE_LOC" true true false 254 Text 0 0 ,First,#,LOCALIDAD50_A.shp,CVE_LOC,-1,-1;NOMBRE "NOMBRE" true true false 254 Text 0 0 ,First,#,LOCALIDAD50_A.shp,NOMBRE,-1,-1;NUM_HAB "NUM_HAB" true true false 254 Text 0 0 ,First,#,LOCALIDAD50_A.shp,NUM_HAB,-1,-1;TIPO "TIPO" true true false 254 Text 0 0 ,First,#,LOCALIDAD50_A.shp,TIPO,-1,-1;DESCRIPCION "DESCRIPCION" true true false 2 Short 0 0 ,First,#;NO_CONSEC "NO_CONSEC" true true false 11 Text 0 0 ,First,#;SHAPE_Length "SHAPE_Length" false true true 8 Double 0 0 ,First,#;SHAPE_Area "SHAPE_Area" false true true 8 Double 0 0 ,First,#" #</Process></lineage></DataProperties></Esri></metadata>
