<?xml version="1.0" encoding="UTF-8"?>
<metadata xml:lang="es"><Esri><CreaDate>20130904</CreaDate><CreaTime>11302600</CreaTime><ArcGISFormat>1.0</ArcGISFormat><SyncOnce>TRUE</SyncOnce><DataProperties><lineage><Process ToolSource="C:\Program Files (x86)\ArcGIS\Desktop10.0\ArcToolbox\Toolboxes\Data Management Tools.tbx\AddSubtype" Date="20130131" Time="093921">AddSubtype D:\Topo50\Z11.gdb\dataset\CARRETERA50_L 3186 "CARRETERA/PAVIMENTADA/LIBRE/OTRO/EN OPERACIÓN/UN CARRIL"</Process><Process ToolSource="C:\Program Files (x86)\ArcGIS\Desktop10.0\ArcToolbox\Toolboxes\Data Management Tools.tbx\AddSubtype" Date="20130131" Time="093924">AddSubtype D:\Topo50\Z11.gdb\dataset\CARRETERA50_L 3187 "CARRETERA/PAVIMENTADA/CUOTA/FEDERAL/EN OPERACIÓN/UN CARRIL"</Process><Process ToolSource="C:\Program Files (x86)\ArcGIS\Desktop10.0\ArcToolbox\Toolboxes\Data Management Tools.tbx\AddSubtype" Date="20130131" Time="093926">AddSubtype D:\Topo50\Z11.gdb\dataset\CARRETERA50_L 3188 "CARRETERA/PAVIMENTADA/CUOTA/ESTATAL/EN OPERACIÓN/UN CARRIL"</Process><Process ToolSource="C:\Program Files (x86)\ArcGIS\Desktop10.0\ArcToolbox\Toolboxes\Data Management Tools.tbx\AddSubtype" Date="20130131" Time="093928">AddSubtype D:\Topo50\Z11.gdb\dataset\CARRETERA50_L 3189 "CARRETERA/PAVIMENTADA/CUOTA/CONCESIONADA/EN OPERACIÓN/UN CARRIL"</Process><Process ToolSource="C:\Program Files (x86)\ArcGIS\Desktop10.0\ArcToolbox\Toolboxes\Data Management Tools.tbx\AddSubtype" Date="20130131" Time="093931">AddSubtype D:\Topo50\Z11.gdb\dataset\CARRETERA50_L 3191 "CARRETERA/PAVIMENTADA/LIBRE/FEDERAL/EN OPERACIÓN/UN CARRIL"</Process><Process ToolSource="C:\Program Files (x86)\ArcGIS\Desktop10.0\ArcToolbox\Toolboxes\Data Management Tools.tbx\AddSubtype" Date="20130131" Time="093933">AddSubtype D:\Topo50\Z11.gdb\dataset\CARRETERA50_L 3192 "CARRETERA/PAVIMENTADA/LIBRE/FEDERAL/EN OPERACIÓN/DOS CARRILES"</Process><Process ToolSource="C:\Program Files (x86)\ArcGIS\Desktop10.0\ArcToolbox\Toolboxes\Data Management Tools.tbx\AddSubtype" Date="20130131" Time="093935">AddSubtype D:\Topo50\Z11.gdb\dataset\CARRETERA50_L 3193 "CARRETERA/PAVIMENTADA/LIBRE/DESCONOCIDO/EN OPERACIÓN/DOS CARRILES"</Process><Process ToolSource="C:\Program Files (x86)\ArcGIS\Desktop10.0\ArcToolbox\Toolboxes\Data Management Tools.tbx\AddSubtype" Date="20130131" Time="093937">AddSubtype D:\Topo50\Z11.gdb\dataset\CARRETERA50_L 3194 "CARRETERA/PAVIMENTADA/LIBRE/FEDERAL/EN OPERACIÓN/TRES CARRILES"</Process><Process ToolSource="C:\Program Files (x86)\ArcGIS\Desktop10.0\ArcToolbox\Toolboxes\Data Management Tools.tbx\AddSubtype" Date="20130131" Time="093940">AddSubtype D:\Topo50\Z11.gdb\dataset\CARRETERA50_L 3195 "CARRETERA/PAVIMENTADA/LIBRE/FEDERAL/EN OPERACIÓN/CUATRO CARRILES"</Process><Process ToolSource="C:\Program Files (x86)\ArcGIS\Desktop10.0\ArcToolbox\Toolboxes\Data Management Tools.tbx\AddSubtype" Date="20130131" Time="093942">AddSubtype D:\Topo50\Z11.gdb\dataset\CARRETERA50_L 3196 "CARRETERA/PAVIMENTADA/LIBRE/FEDERAL/EN OPERACIÓN/CINCO CARRILES"</Process><Process ToolSource="C:\Program Files (x86)\ArcGIS\Desktop10.0\ArcToolbox\Toolboxes\Data Management Tools.tbx\AddSubtype" Date="20130131" Time="093944">AddSubtype D:\Topo50\Z11.gdb\dataset\CARRETERA50_L 3197 "CARRETERA/PAVIMENTADA/LIBRE/FEDERAL/EN OPERACIÓN/SEIS CARRILES"</Process><Process ToolSource="C:\Program Files (x86)\ArcGIS\Desktop10.0\ArcToolbox\Toolboxes\Data Management Tools.tbx\AddSubtype" Date="20130131" Time="093946">AddSubtype D:\Topo50\Z11.gdb\dataset\CARRETERA50_L 3198 "CARRETERA/PAVIMENTADA/LIBRE/FEDERAL/EN OPERACIÓN/MÁS DE 6 CARRILES"</Process><Process ToolSource="C:\Program Files (x86)\ArcGIS\Desktop10.0\ArcToolbox\Toolboxes\Data Management Tools.tbx\AddSubtype" Date="20130131" Time="093949">AddSubtype D:\Topo50\Z11.gdb\dataset\CARRETERA50_L 3199 "CARRETERA/PAVIMENTADA/LIBRE/ESTATAL/EN OPERACIÓN/UN CARRIL"</Process><Process ToolSource="C:\Program Files (x86)\ArcGIS\Desktop10.0\ArcToolbox\Toolboxes\Data Management Tools.tbx\AddSubtype" Date="20130131" Time="093951">AddSubtype D:\Topo50\Z11.gdb\dataset\CARRETERA50_L 3200 "CARRETERA/PAVIMENTADA/LIBRE/ESTATAL/EN OPERACIÓN/DOS CARRILES"</Process><Process ToolSource="C:\Program Files (x86)\ArcGIS\Desktop10.0\ArcToolbox\Toolboxes\Data Management Tools.tbx\AddSubtype" Date="20130131" Time="093953">AddSubtype D:\Topo50\Z11.gdb\dataset\CARRETERA50_L 3201 "CARRETERA/PAVIMENTADA/LIBRE/ESTATAL/EN OPERACIÓN/TRES CARRILES"</Process><Process ToolSource="C:\Program Files (x86)\ArcGIS\Desktop10.0\ArcToolbox\Toolboxes\Data Management Tools.tbx\AddSubtype" Date="20130131" Time="093956">AddSubtype D:\Topo50\Z11.gdb\dataset\CARRETERA50_L 3202 "CARRETERA/PAVIMENTADA/LIBRE/ESTATAL/EN OPERACIÓN/CUATRO CARRILES"</Process><Process ToolSource="C:\Program Files (x86)\ArcGIS\Desktop10.0\ArcToolbox\Toolboxes\Data Management Tools.tbx\AddSubtype" Date="20130131" Time="093958">AddSubtype D:\Topo50\Z11.gdb\dataset\CARRETERA50_L 3203 "CARRETERA/PAVIMENTADA/LIBRE/ESTATAL/EN OPERACIÓN/CINCO CARRILES"</Process><Process ToolSource="C:\Program Files (x86)\ArcGIS\Desktop10.0\ArcToolbox\Toolboxes\Data Management Tools.tbx\AddSubtype" Date="20130131" Time="094000">AddSubtype D:\Topo50\Z11.gdb\dataset\CARRETERA50_L 3204 "CARRETERA/PAVIMENTADA/LIBRE/ESTATAL/EN OPERACIÓN/SEIS CARRILES"</Process><Process ToolSource="C:\Program Files (x86)\ArcGIS\Desktop10.0\ArcToolbox\Toolboxes\Data Management Tools.tbx\AddSubtype" Date="20130131" Time="094003">AddSubtype D:\Topo50\Z11.gdb\dataset\CARRETERA50_L 3205 "CARRETERA/PAVIMENTADA/LIBRE/ESTATAL/EN OPERACIÓN/MÁS DE 6 CARRILES"</Process><Process ToolSource="C:\Program Files (x86)\ArcGIS\Desktop10.0\ArcToolbox\Toolboxes\Data Management Tools.tbx\AddSubtype" Date="20130131" Time="094005">AddSubtype D:\Topo50\Z11.gdb\dataset\CARRETERA50_L 3206 "CARRETERA/PAVIMENTADA/CUOTA/FEDERAL/EN OPERACIÓN/DOS CARRILES"</Process><Process ToolSource="C:\Program Files (x86)\ArcGIS\Desktop10.0\ArcToolbox\Toolboxes\Data Management Tools.tbx\AddSubtype" Date="20130131" Time="094007">AddSubtype D:\Topo50\Z11.gdb\dataset\CARRETERA50_L 3207 "CARRETERA/PAVIMENTADA/CUOTA/FEDERAL/EN OPERACIÓN/TRES CARRILES"</Process><Process ToolSource="C:\Program Files (x86)\ArcGIS\Desktop10.0\ArcToolbox\Toolboxes\Data Management Tools.tbx\AddSubtype" Date="20130131" Time="094010">AddSubtype D:\Topo50\Z11.gdb\dataset\CARRETERA50_L 3208 "CARRETERA/PAVIMENTADA/CUOTA/FEDERAL/EN OPERACIÓN/CUATRO CARRILES"</Process><Process ToolSource="C:\Program Files (x86)\ArcGIS\Desktop10.0\ArcToolbox\Toolboxes\Data Management Tools.tbx\AddSubtype" Date="20130131" Time="094012">AddSubtype D:\Topo50\Z11.gdb\dataset\CARRETERA50_L 3209 "CARRETERA/PAVIMENTADA/CUOTA/FEDERAL/EN OPERACIÓN/CINCO CARRILES"</Process><Process ToolSource="C:\Program Files (x86)\ArcGIS\Desktop10.0\ArcToolbox\Toolboxes\Data Management Tools.tbx\AddSubtype" Date="20130131" Time="094014">AddSubtype D:\Topo50\Z11.gdb\dataset\CARRETERA50_L 3210 "CARRETERA/PAVIMENTADA/CUOTA/FEDERAL/EN OPERACIÓN/SEIS CARRILES"</Process><Process ToolSource="C:\Program Files (x86)\ArcGIS\Desktop10.0\ArcToolbox\Toolboxes\Data Management Tools.tbx\AddSubtype" Date="20130131" Time="094017">AddSubtype D:\Topo50\Z11.gdb\dataset\CARRETERA50_L 3211 "CARRETERA/PAVIMENTADA/CUOTA/FEDERAL/EN OPERACIÓN/MÁS DE 6 CARRILES"</Process><Process ToolSource="C:\Program Files (x86)\ArcGIS\Desktop10.0\ArcToolbox\Toolboxes\Data Management Tools.tbx\AddSubtype" Date="20130131" Time="094019">AddSubtype D:\Topo50\Z11.gdb\dataset\CARRETERA50_L 3212 "CARRETERA/PAVIMENTADA/CUOTA/ESTATAL/EN OPERACIÓN/DOS CARRILES"</Process><Process ToolSource="C:\Program Files (x86)\ArcGIS\Desktop10.0\ArcToolbox\Toolboxes\Data Management Tools.tbx\AddSubtype" Date="20130131" Time="094021">AddSubtype D:\Topo50\Z11.gdb\dataset\CARRETERA50_L 3213 "CARRETERA/PAVIMENTADA/CUOTA/ESTATAL/EN OPERACIÓN/TRES CARRILES"</Process><Process ToolSource="C:\Program Files (x86)\ArcGIS\Desktop10.0\ArcToolbox\Toolboxes\Data Management Tools.tbx\AddSubtype" Date="20130131" Time="094023">AddSubtype D:\Topo50\Z11.gdb\dataset\CARRETERA50_L 3214 "CARRETERA/PAVIMENTADA/CUOTA/ESTATAL/EN OPERACIÓN/CUATRO CARRILES"</Process><Process ToolSource="C:\Program Files (x86)\ArcGIS\Desktop10.0\ArcToolbox\Toolboxes\Data Management Tools.tbx\AddSubtype" Date="20130131" Time="094026">AddSubtype D:\Topo50\Z11.gdb\dataset\CARRETERA50_L 3215 "CARRETERA/PAVIMENTADA/CUOTA/ESTATAL/EN OPERACIÓN/CINCO CARRILES"</Process><Process ToolSource="C:\Program Files (x86)\ArcGIS\Desktop10.0\ArcToolbox\Toolboxes\Data Management Tools.tbx\AddSubtype" Date="20130131" Time="094028">AddSubtype D:\Topo50\Z11.gdb\dataset\CARRETERA50_L 3216 "CARRETERA/PAVIMENTADA/CUOTA/ESTATAL/EN OPERACIÓN/SEIS CARRILES"</Process><Process ToolSource="C:\Program Files (x86)\ArcGIS\Desktop10.0\ArcToolbox\Toolboxes\Data Management Tools.tbx\AddSubtype" Date="20130131" Time="094031">AddSubtype D:\Topo50\Z11.gdb\dataset\CARRETERA50_L 3217 "CARRETERA/PAVIMENTADA/CUOTA/ESTATAL/EN OPERACIÓN/MÁS DE 6 CARRILES"</Process><Process ToolSource="C:\Program Files (x86)\ArcGIS\Desktop10.0\ArcToolbox\Toolboxes\Data Management Tools.tbx\AddSubtype" Date="20130131" Time="094033">AddSubtype D:\Topo50\Z11.gdb\dataset\CARRETERA50_L 3218 "CARRETERA/PAVIMENTADA/CUOTA/CONCESIONADA/EN OPERACIÓN/DOS CARRILES"</Process><Process ToolSource="C:\Program Files (x86)\ArcGIS\Desktop10.0\ArcToolbox\Toolboxes\Data Management Tools.tbx\AddSubtype" Date="20130131" Time="094035">AddSubtype D:\Topo50\Z11.gdb\dataset\CARRETERA50_L 3219 "CARRETERA/PAVIMENTADA/CUOTA/CONCESIONADA/EN OPERACIÓN/TRES CARRILES"</Process><Process ToolSource="C:\Program Files (x86)\ArcGIS\Desktop10.0\ArcToolbox\Toolboxes\Data Management Tools.tbx\AddSubtype" Date="20130131" Time="094038">AddSubtype D:\Topo50\Z11.gdb\dataset\CARRETERA50_L 3220 "CARRETERA/PAVIMENTADA/CUOTA/CONCESIONADA/EN OPERACIÓN/CUATRO CARRILES"</Process><Process ToolSource="C:\Program Files (x86)\ArcGIS\Desktop10.0\ArcToolbox\Toolboxes\Data Management Tools.tbx\AddSubtype" Date="20130131" Time="094040">AddSubtype D:\Topo50\Z11.gdb\dataset\CARRETERA50_L 3221 "CARRETERA/PAVIMENTADA/CUOTA/CONCESIONADA/EN OPERACIÓN/CINCO CARRILES"</Process><Process ToolSource="C:\Program Files (x86)\ArcGIS\Desktop10.0\ArcToolbox\Toolboxes\Data Management Tools.tbx\AddSubtype" Date="20130131" Time="094043">AddSubtype D:\Topo50\Z11.gdb\dataset\CARRETERA50_L 3222 "CARRETERA/PAVIMENTADA/CUOTA/CONCESIONADA/EN OPERACIÓN/SEIS CARRILES"</Process><Process ToolSource="C:\Program Files (x86)\ArcGIS\Desktop10.0\ArcToolbox\Toolboxes\Data Management Tools.tbx\AddSubtype" Date="20130131" Time="094045">AddSubtype D:\Topo50\Z11.gdb\dataset\CARRETERA50_L 3223 "CARRETERA/PAVIMENTADA/CUOTA/CONCESIONADA/EN OPERACIÓN/MÁS DE 6 CARRILES"</Process><Process ToolSource="C:\Program Files (x86)\ArcGIS\Desktop10.0\ArcToolbox\Toolboxes\Data Management Tools.tbx\AddSubtype" Date="20130131" Time="094047">AddSubtype D:\Topo50\Z11.gdb\dataset\CARRETERA50_L 3224 "CARRETERA/PAVIMENTADA/RESTRINGUIDO/CONCESIONADA/ N/A / N/A"</Process><Process ToolSource="C:\Program Files (x86)\ArcGIS\Desktop10.0\ArcToolbox\Toolboxes\Data Management Tools.tbx\AddSubtype" Date="20130131" Time="094049">AddSubtype D:\Topo50\Z11.gdb\dataset\CARRETERA50_L 3225 "CARRETERA/PAVIMENTADA/ N/A / N/A /EN CONSTRUCCIÓN/ N/A"</Process><Process ToolSource="C:\Program Files (x86)\ArcGIS\Desktop10.0\ArcToolbox\Toolboxes\Data Management Tools.tbx\AddSubtype" Date="20130131" Time="094052">AddSubtype D:\Topo50\Z11.gdb\dataset\CARRETERA50_L 3226 "CARRETERA/PAVIMENTADA/ N/A / N/A /FUERA DE USO/ N/A"</Process><Process ToolSource="C:\Program Files (x86)\ArcGIS\Desktop10.0\ArcToolbox\Toolboxes\Data Management Tools.tbx\AddSubtype" Date="20130131" Time="094054">AddSubtype D:\Topo50\Z11.gdb\dataset\CARRETERA50_L 3227 "CARRETERA/TERRACERÍA/ N/A / N/A /EN OPERACIÓN/DOS CARRILES"</Process><Process ToolSource="C:\Program Files (x86)\ArcGIS\Desktop10.0\ArcToolbox\Toolboxes\Data Management Tools.tbx\AddSubtype" Date="20130131" Time="094057">AddSubtype D:\Topo50\Z11.gdb\dataset\CARRETERA50_L 3228 "CARRETERA/TERRACERÍA/RESTRINGUIDO/ N/A / N/A  /N/A"</Process><Process ToolSource="C:\Program Files (x86)\ArcGIS\Desktop10.0\ArcToolbox\Toolboxes\Data Management Tools.tbx\AddSubtype" Date="20130131" Time="094059">AddSubtype D:\Topo50\Z11.gdb\dataset\CARRETERA50_L 3230 "CARRETERA/TERRACERÍA/ N/A / N/A /FUERA DE USO/ N/A"</Process><Process ToolSource="C:\Program Files (x86)\ArcGIS\Desktop10.0\ArcToolbox\Toolboxes\Data Management Tools.tbx\AddSubtype" Date="20130131" Time="094102">AddSubtype D:\Topo50\Z11.gdb\dataset\CARRETERA50_L 3234 "CARRETERA/PAVIMENTADA/ N/A / N/A /EN OPERACIÓN/ N/A"</Process><Process ToolSource="C:\Program Files (x86)\ArcGIS\Desktop10.0\ArcToolbox\Toolboxes\Data Management Tools.tbx\AddSubtype" Date="20130131" Time="094104">AddSubtype D:\Topo50\Z11.gdb\dataset\CARRETERA50_L 3235 "CARRETERA/PAVIMENTADA/LIBRE/OTRO/EN OPERACIÓN/DOS CARRILES"</Process><Process ToolSource="C:\Program Files (x86)\ArcGIS\Desktop10.0\ArcToolbox\Toolboxes\Data Management Tools.tbx\AddSubtype" Date="20130131" Time="094106">AddSubtype D:\Topo50\Z11.gdb\dataset\CARRETERA50_L 3236 "CARRETERA/TERRACERÍA/ N/A / N/A /EN OPERACIÓN/UN CARRIL"</Process><Process ToolSource="C:\Program Files (x86)\ArcGIS\Desktop10.0\ArcToolbox\Toolboxes\Data Management Tools.tbx\AddSubtype" Date="20130131" Time="094109">AddSubtype D:\Topo50\Z11.gdb\dataset\CARRETERA50_L 3238 "CARRETERA/TERRACERÍA/ N/A / N/A /EN CONSTRUCCIÓN/ N/A"</Process><Process ToolSource="C:\Program Files (x86)\ArcGIS\Desktop10.0\ArcToolbox\Toolboxes\Data Management Tools.tbx\AddSubtype" Date="20130212" Time="085805">AddSubtype D:\Topo50\Z11.gdb\dataset\CARRETERA50_L 3186 "Carretera/Pavimentada/Un carril/Libre/Otro/En operación"</Process><Process ToolSource="C:\Program Files (x86)\ArcGIS\Desktop10.0\ArcToolbox\Toolboxes\Data Management Tools.tbx\AddSubtype" Date="20130212" Time="085807">AddSubtype D:\Topo50\Z11.gdb\dataset\CARRETERA50_L 3187 "Carretera/Pavimentada/Un carril/Cuota/Federal/En operación"</Process><Process ToolSource="C:\Program Files (x86)\ArcGIS\Desktop10.0\ArcToolbox\Toolboxes\Data Management Tools.tbx\AddSubtype" Date="20130212" Time="085810">AddSubtype D:\Topo50\Z11.gdb\dataset\CARRETERA50_L 3188 "Carretera/Pavimentada/Un carril/Cuota/Estatal/En operación"</Process><Process ToolSource="C:\Program Files (x86)\ArcGIS\Desktop10.0\ArcToolbox\Toolboxes\Data Management Tools.tbx\AddSubtype" Date="20130212" Time="085812">AddSubtype D:\Topo50\Z11.gdb\dataset\CARRETERA50_L 3189 "Carretera/Pavimentada/Un carril/Cuota/Concesionada/En operación"</Process><Process ToolSource="C:\Program Files (x86)\ArcGIS\Desktop10.0\ArcToolbox\Toolboxes\Data Management Tools.tbx\AddSubtype" Date="20130212" Time="085814">AddSubtype D:\Topo50\Z11.gdb\dataset\CARRETERA50_L 3191 "Carretera/Pavimentada/Un carril/Libre/Federal/En operación"</Process><Process ToolSource="C:\Program Files (x86)\ArcGIS\Desktop10.0\ArcToolbox\Toolboxes\Data Management Tools.tbx\AddSubtype" Date="20130212" Time="085817">AddSubtype D:\Topo50\Z11.gdb\dataset\CARRETERA50_L 3192 "Carretera/Pavimentada/Dos carriles/Libre/Federal/En operación"</Process><Process ToolSource="C:\Program Files (x86)\ArcGIS\Desktop10.0\ArcToolbox\Toolboxes\Data Management Tools.tbx\AddSubtype" Date="20130212" Time="085819">AddSubtype D:\Topo50\Z11.gdb\dataset\CARRETERA50_L 3193 "Carretera/Pavimentada/Dos carriles/Libre/Desconocido/En operación"</Process><Process ToolSource="C:\Program Files (x86)\ArcGIS\Desktop10.0\ArcToolbox\Toolboxes\Data Management Tools.tbx\AddSubtype" Date="20130212" Time="085822">AddSubtype D:\Topo50\Z11.gdb\dataset\CARRETERA50_L 3194 "Carretera/Pavimentada/Tres carriles/Libre/Federal/En operación"</Process><Process ToolSource="C:\Program Files (x86)\ArcGIS\Desktop10.0\ArcToolbox\Toolboxes\Data Management Tools.tbx\AddSubtype" Date="20130212" Time="085824">AddSubtype D:\Topo50\Z11.gdb\dataset\CARRETERA50_L 3195 "Carretera/Pavimentada/Cuatro carriles/Libre/Federal/En operación"</Process><Process ToolSource="C:\Program Files (x86)\ArcGIS\Desktop10.0\ArcToolbox\Toolboxes\Data Management Tools.tbx\AddSubtype" Date="20130212" Time="085827">AddSubtype D:\Topo50\Z11.gdb\dataset\CARRETERA50_L 3196 "Carretera/Pavimentada/Cinco carriles/Libre/Federal/En operación"</Process><Process ToolSource="C:\Program Files (x86)\ArcGIS\Desktop10.0\ArcToolbox\Toolboxes\Data Management Tools.tbx\AddSubtype" Date="20130212" Time="085829">AddSubtype D:\Topo50\Z11.gdb\dataset\CARRETERA50_L 3197 "Carretera/Pavimentada/Seis carriles/Libre/Federal/En operación"</Process><Process ToolSource="C:\Program Files (x86)\ArcGIS\Desktop10.0\ArcToolbox\Toolboxes\Data Management Tools.tbx\AddSubtype" Date="20130212" Time="085831">AddSubtype D:\Topo50\Z11.gdb\dataset\CARRETERA50_L 3198 "Carretera/Pavimentada/Más de seis carriles/Libre/Federal/En operación"</Process><Process ToolSource="C:\Program Files (x86)\ArcGIS\Desktop10.0\ArcToolbox\Toolboxes\Data Management Tools.tbx\AddSubtype" Date="20130212" Time="085834">AddSubtype D:\Topo50\Z11.gdb\dataset\CARRETERA50_L 3199 "Carretera/Pavimentada/Un carril/Libre/Estatal/En operación"</Process><Process ToolSource="C:\Program Files (x86)\ArcGIS\Desktop10.0\ArcToolbox\Toolboxes\Data Management Tools.tbx\AddSubtype" Date="20130212" Time="085836">AddSubtype D:\Topo50\Z11.gdb\dataset\CARRETERA50_L 3200 "Carretera/Pavimentada/Dos carriles/Libre/Estatal/En operación"</Process><Process ToolSource="C:\Program Files (x86)\ArcGIS\Desktop10.0\ArcToolbox\Toolboxes\Data Management Tools.tbx\AddSubtype" Date="20130212" Time="085839">AddSubtype D:\Topo50\Z11.gdb\dataset\CARRETERA50_L 3201 "Carretera/Pavimentada/Tres carriles/Libre/Estatal/En operación"</Process><Process ToolSource="C:\Program Files (x86)\ArcGIS\Desktop10.0\ArcToolbox\Toolboxes\Data Management Tools.tbx\AddSubtype" Date="20130212" Time="085842">AddSubtype D:\Topo50\Z11.gdb\dataset\CARRETERA50_L 3202 "Carretera/Pavimentada/Cuatro carriles/Libre/Estatal/En operación"</Process><Process ToolSource="C:\Program Files (x86)\ArcGIS\Desktop10.0\ArcToolbox\Toolboxes\Data Management Tools.tbx\AddSubtype" Date="20130212" Time="085844">AddSubtype D:\Topo50\Z11.gdb\dataset\CARRETERA50_L 3203 "Carretera/Pavimentada/Cinco carriles/Libre/Estatal/En operación"</Process><Process ToolSource="C:\Program Files (x86)\ArcGIS\Desktop10.0\ArcToolbox\Toolboxes\Data Management Tools.tbx\AddSubtype" Date="20130212" Time="085847">AddSubtype D:\Topo50\Z11.gdb\dataset\CARRETERA50_L 3204 "Carretera/Pavimentada/Seis carriles/Libre/Estatal/En operación"</Process><Process ToolSource="C:\Program Files (x86)\ArcGIS\Desktop10.0\ArcToolbox\Toolboxes\Data Management Tools.tbx\AddSubtype" Date="20130212" Time="085849">AddSubtype D:\Topo50\Z11.gdb\dataset\CARRETERA50_L 3205 "Carretera/Pavimentada/Más de seis carriles/Libre/Estatal/En operación"</Process><Process ToolSource="C:\Program Files (x86)\ArcGIS\Desktop10.0\ArcToolbox\Toolboxes\Data Management Tools.tbx\AddSubtype" Date="20130212" Time="085852">AddSubtype D:\Topo50\Z11.gdb\dataset\CARRETERA50_L 3206 "Carretera/Pavimentada/Dos carriles/Cuota/Federal/En operación"</Process><Process ToolSource="C:\Program Files (x86)\ArcGIS\Desktop10.0\ArcToolbox\Toolboxes\Data Management Tools.tbx\AddSubtype" Date="20130212" Time="085854">AddSubtype D:\Topo50\Z11.gdb\dataset\CARRETERA50_L 3207 "Carretera/Pavimentada/Tres carriles/Cuota/Federal/En operación"</Process><Process ToolSource="C:\Program Files (x86)\ArcGIS\Desktop10.0\ArcToolbox\Toolboxes\Data Management Tools.tbx\AddSubtype" Date="20130212" Time="085857">AddSubtype D:\Topo50\Z11.gdb\dataset\CARRETERA50_L 3208 "Carretera/Pavimentada/Cuatro carriles/Cuota/Federal/En operación"</Process><Process ToolSource="C:\Program Files (x86)\ArcGIS\Desktop10.0\ArcToolbox\Toolboxes\Data Management Tools.tbx\AddSubtype" Date="20130212" Time="085859">AddSubtype D:\Topo50\Z11.gdb\dataset\CARRETERA50_L 3209 "Carretera/Pavimentada/Cinco carriles/Cuota/Federal/En operación"</Process><Process ToolSource="C:\Program Files (x86)\ArcGIS\Desktop10.0\ArcToolbox\Toolboxes\Data Management Tools.tbx\AddSubtype" Date="20130212" Time="085902">AddSubtype D:\Topo50\Z11.gdb\dataset\CARRETERA50_L 3210 "Carretera/Pavimentada/Seis carriles/Cuota/Federal/En operación"</Process><Process ToolSource="C:\Program Files (x86)\ArcGIS\Desktop10.0\ArcToolbox\Toolboxes\Data Management Tools.tbx\AddSubtype" Date="20130212" Time="085904">AddSubtype D:\Topo50\Z11.gdb\dataset\CARRETERA50_L 3211 "Carretera/Pavimentada/Más de seis carriles/Cuota/Federal/En operación"</Process><Process ToolSource="C:\Program Files (x86)\ArcGIS\Desktop10.0\ArcToolbox\Toolboxes\Data Management Tools.tbx\AddSubtype" Date="20130212" Time="085906">AddSubtype D:\Topo50\Z11.gdb\dataset\CARRETERA50_L 3212 "Carretera/Pavimentada/Dos carriles/Cuota/Estatal/En operación"</Process><Process ToolSource="C:\Program Files (x86)\ArcGIS\Desktop10.0\ArcToolbox\Toolboxes\Data Management Tools.tbx\AddSubtype" Date="20130212" Time="085909">AddSubtype D:\Topo50\Z11.gdb\dataset\CARRETERA50_L 3213 "Carretera/Pavimentada/Tres carriles/Cuota/Estatal/En operación"</Process><Process ToolSource="C:\Program Files (x86)\ArcGIS\Desktop10.0\ArcToolbox\Toolboxes\Data Management Tools.tbx\AddSubtype" Date="20130212" Time="085911">AddSubtype D:\Topo50\Z11.gdb\dataset\CARRETERA50_L 3214 "Carretera/Pavimentada/Cuatro carriles/Cuota/Estatal/En operación"</Process><Process ToolSource="C:\Program Files (x86)\ArcGIS\Desktop10.0\ArcToolbox\Toolboxes\Data Management Tools.tbx\AddSubtype" Date="20130212" Time="085913">AddSubtype D:\Topo50\Z11.gdb\dataset\CARRETERA50_L 3215 "Carretera/Pavimentada/Cinco carriles/Cuota/Estatal/En operación"</Process><Process ToolSource="C:\Program Files (x86)\ArcGIS\Desktop10.0\ArcToolbox\Toolboxes\Data Management Tools.tbx\AddSubtype" Date="20130212" Time="085916">AddSubtype D:\Topo50\Z11.gdb\dataset\CARRETERA50_L 3216 "Carretera/Pavimentada/Seis carriles/Cuota/Estatal/En operación"</Process><Process ToolSource="C:\Program Files (x86)\ArcGIS\Desktop10.0\ArcToolbox\Toolboxes\Data Management Tools.tbx\AddSubtype" Date="20130212" Time="085918">AddSubtype D:\Topo50\Z11.gdb\dataset\CARRETERA50_L 3217 "Carretera/Pavimentada/Más de seis carriles/Cuota/Estatal/En operación"</Process><Process ToolSource="C:\Program Files (x86)\ArcGIS\Desktop10.0\ArcToolbox\Toolboxes\Data Management Tools.tbx\AddSubtype" Date="20130212" Time="085921">AddSubtype D:\Topo50\Z11.gdb\dataset\CARRETERA50_L 3218 "Carretera/Pavimentada/Dos carriles/Cuota/Concesionada/En operación"</Process><Process ToolSource="C:\Program Files (x86)\ArcGIS\Desktop10.0\ArcToolbox\Toolboxes\Data Management Tools.tbx\AddSubtype" Date="20130212" Time="085923">AddSubtype D:\Topo50\Z11.gdb\dataset\CARRETERA50_L 3219 "Carretera/Pavimentada/Tres carriles/Cuota/Concesionada/En operación"</Process><Process ToolSource="C:\Program Files (x86)\ArcGIS\Desktop10.0\ArcToolbox\Toolboxes\Data Management Tools.tbx\AddSubtype" Date="20130212" Time="085926">AddSubtype D:\Topo50\Z11.gdb\dataset\CARRETERA50_L 3220 "Carretera/Pavimentada/Cuatro carriles/Cuota/Concesionada/En operación"</Process><Process ToolSource="C:\Program Files (x86)\ArcGIS\Desktop10.0\ArcToolbox\Toolboxes\Data Management Tools.tbx\AddSubtype" Date="20130212" Time="085928">AddSubtype D:\Topo50\Z11.gdb\dataset\CARRETERA50_L 3221 "Carretera/Pavimentada/Cinco carriles/Cuota/Concesionada/En operación"</Process><Process ToolSource="C:\Program Files (x86)\ArcGIS\Desktop10.0\ArcToolbox\Toolboxes\Data Management Tools.tbx\AddSubtype" Date="20130212" Time="085931">AddSubtype D:\Topo50\Z11.gdb\dataset\CARRETERA50_L 3222 "Carretera/Pavimentada/Seis carriles/Cuota/Concesionada/En operación"</Process><Process ToolSource="C:\Program Files (x86)\ArcGIS\Desktop10.0\ArcToolbox\Toolboxes\Data Management Tools.tbx\AddSubtype" Date="20130212" Time="085933">AddSubtype D:\Topo50\Z11.gdb\dataset\CARRETERA50_L 3223 "Carretera/Pavimentada/Más de seis carriles/Cuota/Concesionada/En operación"</Process><Process ToolSource="C:\Program Files (x86)\ArcGIS\Desktop10.0\ArcToolbox\Toolboxes\Data Management Tools.tbx\AddSubtype" Date="20130212" Time="085936">AddSubtype D:\Topo50\Z11.gdb\dataset\CARRETERA50_L 3224 "Carretera/Pavimentada/ N/A /Restringido/Concesionada/ N/A"</Process><Process ToolSource="C:\Program Files (x86)\ArcGIS\Desktop10.0\ArcToolbox\Toolboxes\Data Management Tools.tbx\AddSubtype" Date="20130212" Time="085938">AddSubtype D:\Topo50\Z11.gdb\dataset\CARRETERA50_L 3225 "Carretera/Pavimentada/ N/A / N/A / N/A /En construcción"</Process><Process ToolSource="C:\Program Files (x86)\ArcGIS\Desktop10.0\ArcToolbox\Toolboxes\Data Management Tools.tbx\AddSubtype" Date="20130212" Time="085940">AddSubtype D:\Topo50\Z11.gdb\dataset\CARRETERA50_L 3226 "Carretera/Pavimentada/ N/A / N/A / N/A /Fuera de uso"</Process><Process ToolSource="C:\Program Files (x86)\ArcGIS\Desktop10.0\ArcToolbox\Toolboxes\Data Management Tools.tbx\AddSubtype" Date="20130212" Time="085943">AddSubtype D:\Topo50\Z11.gdb\dataset\CARRETERA50_L 3227 "Carretera/Terracería/Dos carriles/ N/A / N/A /En operación"</Process><Process ToolSource="C:\Program Files (x86)\ArcGIS\Desktop10.0\ArcToolbox\Toolboxes\Data Management Tools.tbx\AddSubtype" Date="20130212" Time="085945">AddSubtype D:\Topo50\Z11.gdb\dataset\CARRETERA50_L 3228 "Carretera/Terracería/ N/A /Restringido/ N/A / N/A"</Process><Process ToolSource="C:\Program Files (x86)\ArcGIS\Desktop10.0\ArcToolbox\Toolboxes\Data Management Tools.tbx\AddSubtype" Date="20130212" Time="085948">AddSubtype D:\Topo50\Z11.gdb\dataset\CARRETERA50_L 3230 "Carretera/Terracería/ N/A / N/A / N/A /Fuera de uso"</Process><Process ToolSource="C:\Program Files (x86)\ArcGIS\Desktop10.0\ArcToolbox\Toolboxes\Data Management Tools.tbx\AddSubtype" Date="20130212" Time="085950">AddSubtype D:\Topo50\Z11.gdb\dataset\CARRETERA50_L 3234 "Carretera/Pavimentada/ N/A / N/A / N/A /En operación"</Process><Process ToolSource="C:\Program Files (x86)\ArcGIS\Desktop10.0\ArcToolbox\Toolboxes\Data Management Tools.tbx\AddSubtype" Date="20130212" Time="085953">AddSubtype D:\Topo50\Z11.gdb\dataset\CARRETERA50_L 3235 "Carretera/Pavimentada/Dos carriles/Libre/Otro/En operación"</Process><Process ToolSource="C:\Program Files (x86)\ArcGIS\Desktop10.0\ArcToolbox\Toolboxes\Data Management Tools.tbx\AddSubtype" Date="20130212" Time="085955">AddSubtype D:\Topo50\Z11.gdb\dataset\CARRETERA50_L 3236 "Carretera/Terracería/Un carril/ N/A / N/A /En operación"</Process><Process ToolSource="C:\Program Files (x86)\ArcGIS\Desktop10.0\ArcToolbox\Toolboxes\Data Management Tools.tbx\AddSubtype" Date="20130212" Time="085958">AddSubtype D:\Topo50\Z11.gdb\dataset\CARRETERA50_L 3238 "Carretera/Terracería/ N/A / N/A / N/A /En construcción"</Process><Process ToolSource="C:\Program Files (x86)\ArcGIS\Desktop10.0\ArcToolbox\Toolboxes\Data Management Tools.tbx\Append" Date="20130402" Time="154708">Append CARRETERA50_L.shp D:\Compartir\E13B32\E13B32.gdb\dataset\CARRETERA50_L NO_TEST "ENTIDAD "ENTIDAD" true true false 254 Text 0 0 ,First,#,CARRETERA50_L.shp,ENTIDAD,-1,-1;CODIGO "CODIGO" true true false 254 Text 0 0 ,First,#,CARRETERA50_L.shp,CODIGO,-1,-1;CALI_REPR "CALI_REPR" true true false 254 Text 0 0 ,First,#,CARRETERA50_L.shp,CALI_REPR,-1,-1;GEOMETRIA "GEOMETRIA" true true false 254 Text 0 0 ,First,#,CARRETERA50_L.shp,GEOMETRIA,-1,-1;ADMINIST "ADMINIST" true true false 254 Text 0 0 ,First,#,CARRETERA50_L.shp,ADMINIST,-1,-1;CONDICION "CONDICION" true true false 254 Text 0 0 ,First,#,CARRETERA50_L.shp,CONDICION,-1,-1;NUM_CARR "NUM_CARR" true true false 254 Text 0 0 ,First,#,CARRETERA50_L.shp,NUM_CARR,-1,-1;COD_CARR "COD_CARR" true true false 254 Text 0 0 ,First,#,CARRETERA50_L.shp,COD_CARR,-1,-1;PAVIMENTO "PAVIMENTO" true true false 254 Text 0 0 ,First,#,CARRETERA50_L.shp,PAVIMENTO,-1,-1;DERE_TRAN "DERE_TRAN" true true false 254 Text 0 0 ,First,#,CARRETERA50_L.shp,DERE_TRAN,-1,-1;JURISDICCI "JURISDICCI" true true false 254 Text 0 0 ,First,#,CARRETERA50_L.shp,JURISDICCI,-1,-1;DESCRIPCION "DESCRIPCION" true true false 2 Short 0 0 ,First,#;NO_CONSEC "NO_CONSEC" true true false 11 Text 0 0 ,First,#;SHAPE_Length "SHAPE_Length" false true true 8 Double 0 0 ,First,#" #</Process><Process ToolSource="C:\Program Files (x86)\ArcGIS\Desktop10.0\ArcToolbox\Toolboxes\Data Management Tools.tbx\Append" Date="20130402" Time="154739">Append CARRETERA50_L-TERRACERIAS.shp D:\Compartir\E13B32\E13B32.gdb\dataset\CARRETERA50_L NO_TEST "ENTIDAD "ENTIDAD" true true false 254 Text 0 0 ,First,#,CARRETERA50_L-TERRACERIAS.shp,ENTIDAD,-1,-1;CODIGO "CODIGO" true true false 254 Text 0 0 ,First,#,CARRETERA50_L-TERRACERIAS.shp,CODIGO,-1,-1;CALI_REPR "CALI_REPR" true true false 254 Text 0 0 ,First,#,CARRETERA50_L-TERRACERIAS.shp,CALI_REPR,-1,-1;GEOMETRIA "GEOMETRIA" true true false 254 Text 0 0 ,First,#,CARRETERA50_L-TERRACERIAS.shp,GEOMETRIA,-1,-1;ADMINIST "ADMINIST" true true false 254 Text 0 0 ,First,#,CARRETERA50_L-TERRACERIAS.shp,ADMINIST,-1,-1;CONDICION "CONDICION" true true false 254 Text 0 0 ,First,#,CARRETERA50_L-TERRACERIAS.shp,CONDICION,-1,-1;NUM_CARR "NUM_CARR" true true false 254 Text 0 0 ,First,#,CARRETERA50_L-TERRACERIAS.shp,NUM_CARR,-1,-1;COD_CARR "COD_CARR" true true false 254 Text 0 0 ,First,#,CARRETERA50_L-TERRACERIAS.shp,COD_CARR,-1,-1;PAVIMENTO "PAVIMENTO" true true false 254 Text 0 0 ,First,#,CARRETERA50_L-TERRACERIAS.shp,PAVIMENTO,-1,-1;DERE_TRAN "DERE_TRAN" true true false 254 Text 0 0 ,First,#,CARRETERA50_L-TERRACERIAS.shp,DERE_TRAN,-1,-1;JURISDICCI "JURISDICCI" true true false 254 Text 0 0 ,First,#,CARRETERA50_L-TERRACERIAS.shp,JURISDICCI,-1,-1;DESCRIPCION "DESCRIPCION" true true false 2 Short 0 0 ,First,#;NO_CONSEC "NO_CONSEC" true true false 11 Text 0 0 ,First,#;SHAPE_Length "SHAPE_Length" false true true 8 Double 0 0 ,First,#" #</Process><Process ToolSource="c:\program files (x86)\arcgis\desktop10.1\ArcToolbox\Toolboxes\Data Management Tools.tbx\CalculateField" Date="20130807" Time="113404">CalculateField "Objetos Espaciales\Lineas\CARRETERA50_L" JURISDICCI "N/A"
 VB #</Process><Process ToolSource="c:\program files (x86)\arcgis\desktop10.1\ArcToolbox\Toolboxes\Data Management Tools.tbx\CalculateField" Date="20130816" Time="133703">CalculateField "Objetos Espaciales\Lineas\CARRETERA50_L" COD_CARR "N/A"
 VB #</Process></lineage></DataProperties></Esri></metadata>
