<?xml version="1.0" encoding="UTF-8"?>
<metadata xml:lang="es"><Esri><CreaDate>20130904</CreaDate><CreaTime>11302800</CreaTime><ArcGISFormat>1.0</ArcGISFormat><SyncOnce>TRUE</SyncOnce><DataProperties><lineage><Process ToolSource="C:\Program Files (x86)\ArcGIS\Desktop10.0\ArcToolbox\Toolboxes\Data Management Tools.tbx\AddSubtype" Date="20130131" Time="095548">AddSubtype D:\Topo50\Z11.gdb\dataset\SUBESTA_ELEC50_A 6791 "SUBESTACIÓN ELCTRICA/EN CONSTRUCCIÓN"</Process><Process ToolSource="C:\Program Files (x86)\ArcGIS\Desktop10.0\ArcToolbox\Toolboxes\Data Management Tools.tbx\AddSubtype" Date="20130131" Time="095551">AddSubtype D:\Topo50\Z11.gdb\dataset\SUBESTA_ELEC50_A 6792 "SUBESTACIÓN ELCTRICA/EN OPERACIÓN"</Process><Process ToolSource="C:\Program Files (x86)\ArcGIS\Desktop10.0\ArcToolbox\Toolboxes\Data Management Tools.tbx\AddSubtype" Date="20130131" Time="095553">AddSubtype D:\Topo50\Z11.gdb\dataset\SUBESTA_ELEC50_A 6793 "SUBESTACIÓN ELCTRICA/FUERA DE USO"</Process><Process ToolSource="C:\Program Files (x86)\ArcGIS\Desktop10.0\ArcToolbox\Toolboxes\Data Management Tools.tbx\AddSubtype" Date="20130212" Time="091656">AddSubtype D:\Topo50\Z11.gdb\dataset\SUBESTA_ELEC50_A 6791 "Subestación eléctrica/En construcción"</Process><Process ToolSource="C:\Program Files (x86)\ArcGIS\Desktop10.0\ArcToolbox\Toolboxes\Data Management Tools.tbx\AddSubtype" Date="20130212" Time="091659">AddSubtype D:\Topo50\Z11.gdb\dataset\SUBESTA_ELEC50_A 6792 "Subestación eléctrica/En operación"</Process><Process ToolSource="C:\Program Files (x86)\ArcGIS\Desktop10.0\ArcToolbox\Toolboxes\Data Management Tools.tbx\AddSubtype" Date="20130212" Time="091701">AddSubtype D:\Topo50\Z11.gdb\dataset\SUBESTA_ELEC50_A 6793 "Subestación eléctrica/Fuera de uso"</Process><Process ToolSource="C:\Program Files (x86)\ArcGIS\Desktop10.0\ArcToolbox\Toolboxes\Data Management Tools.tbx\Append" Date="20130402" Time="155047">Append SUBESTA_ELEC50_A.shp D:\Compartir\E13B32\E13B32.gdb\dataset\SUBESTA_ELEC50_A NO_TEST "ENTIDAD "ENTIDAD" true true false 254 Text 0 0 ,First,#,SUBESTA_ELEC50_A.shp,ENTIDAD,-1,-1;CODIGO "CODIGO" true true false 254 Text 0 0 ,First,#,SUBESTA_ELEC50_A.shp,CODIGO,-1,-1;CALI_REPR "CALI_REPR" true true false 254 Text 0 0 ,First,#,SUBESTA_ELEC50_A.shp,CALI_REPR,-1,-1;GEOMETRIA "GEOMETRIA" true true false 254 Text 0 0 ,First,#,SUBESTA_ELEC50_A.shp,GEOMETRIA,-1,-1;CONDICION "CONDICION" true true false 254 Text 0 0 ,First,#,SUBESTA_ELEC50_A.shp,CONDICION,-1,-1;NOMBRE "NOMBRE" true true false 254 Text 0 0 ,First,#,SUBESTA_ELEC50_A.shp,NOMBRE,-1,-1;DESCRIPCION "DESCRIPCION" true true false 2 Short 0 0 ,First,#;NO_CONSEC "NO_CONSEC" true true false 11 Text 0 0 ,First,#;SHAPE_Length "SHAPE_Length" false true true 8 Double 0 0 ,First,#;SHAPE_Area "SHAPE_Area" false true true 8 Double 0 0 ,First,#" #</Process></lineage></DataProperties></Esri></metadata>
